"artist","firstName","gender","itemInSession","lastName","length","level","location","sessionId","song","userId"
"Great Lake Swimmers","Kevin","M","0","Arellano","215.11791","free","Harrisburg-Carlisle, PA","815","Your Rocky Spine","66"
"Soziedad Alkoholika","Kevin","M","1","Arellano","204.7473","free","Harrisburg-Carlisle, PA","815","Va Bien","66"
"Franz Ferdinand","Kevin","M","2","Arellano","172.01587","free","Harrisburg-Carlisle, PA","815","Eleanor Put Your Boots On","66"
"Modest Mouse","Kevin","M","3","Arellano","209.52771","free","Harrisburg-Carlisle, PA","815","Float On","66"
"Adam Lambert","Kevin","M","4","Arellano","266.44853","free","Harrisburg-Carlisle, PA","815","Aftermath","66"
"Parni Valjak","Kevin","M","5","Arellano","259.83955","free","Harrisburg-Carlisle, PA","815","Dok si pored mene","66"
"Flaw","Kevin","M","7","Arellano","265.89995","free","Harrisburg-Carlisle, PA","815","Not Enough","66"
"Foo Fighters","Kevin","M","8","Arellano","250.14812","free","Harrisburg-Carlisle, PA","815","Everlong","66"
"ÃÂngeles del Infierno","Kevin","M","9","Arellano","267.25832","free","Harrisburg-Carlisle, PA","815","Si TÃÂº No EstÃÂ¡s AquÃÂ­","66"
"Smash Mouth","Kevin","M","10","Arellano","216.39791","free","Harrisburg-Carlisle, PA","815","All Star","66"
"BeyoncÃÂ© feat. Jay-Z","Ayla","F","1","Johnson","235.93751","free","Santa Rosa, CA","839","Crazy In Love","63"
"Aaliyah","Ayla","F","2","Johnson","228.28363","free","Santa Rosa, CA","839","More Than A Woman","63"
"Coldplay","Emily","F","1","Benson","268.38159","paid","Augusta-Richmond County, GA-SC","821","Yellow","58"
"Martin Solveig","Emily","F","2","Benson","246.282","paid","Augusta-Richmond County, GA-SC","821","Something About You","58"
"Simple Minds","Ryan","M","0","Smith","240.03873","free","San Jose-Sunnyvale-Santa Clara, CA","845","Glittering Prize","26"
"Guns N' Roses","Ryan","M","1","Smith","284.05506","free","San Jose-Sunnyvale-Santa Clara, CA","845","Don't Cry (Original)","26"
"Erin Bode","Rylan","M","0","George","252.05506","paid","Birmingham-Hoover, AL","617","Here_ There And Everywhere","16"
"Blue Oyster Cult","Rylan","M","1","George","322.42893","paid","Birmingham-Hoover, AL","617","Buck's Boogie","16"
"Little Boots","Rylan","M","2","George","195.94404","paid","Birmingham-Hoover, AL","617","Meddle","16"
"FM Static","Rylan","M","3","George","218.27873","paid","Birmingham-Hoover, AL","617","Tonight","16"
"Dead Kennedys","Rylan","M","4","George","90.40934","paid","Birmingham-Hoover, AL","617","Terminal Preppie","16"
"Jim Jones & Ron Browz featuring Juelz Santana","Rylan","M","5","George","215.97995","paid","Birmingham-Hoover, AL","617","Pop Champagne","16"
"Dr. Dre / Eminem / Alvin Joiner","Rylan","M","6","George","244.21832","paid","Birmingham-Hoover, AL","617","What's The Difference","16"
"The Cinematic Orchestra","Kevin","M","0","Arellano","373.9424","free","Harrisburg-Carlisle, PA","850","To Build A Home","66"
"Cradle Of Filth","Kevin","M","1","Arellano","355.94404","free","Harrisburg-Carlisle, PA","850","Tonight In Flames (Album Version)","66"
"Disturbed","Cecilia","F","0","Owens","224.86159","free","Atlanta-Sandy Springs-Roswell, GA","847","Numb (Album Version)","6"
"Viola","Kevin","M","2","Arellano","260.25751","free","Harrisburg-Carlisle, PA","850","Nostalgia Amnesia","66"
"Justin Bieber","Cecilia","F","1","Owens","220.89098","free","Atlanta-Sandy Springs-Roswell, GA","847","Somebody To Love","6"
"Dwight Yoakam","Cecilia","F","2","Owens","239.3073","free","Atlanta-Sandy Springs-Roswell, GA","847","You're The One","6"
"Ivy","Anabelle","F","1","Simpson","264.61995","free","Philadelphia-Camden-Wilmington, PA-NJ-DE-MD","791","Edge Of The Ocean","69"
"Jill Barber","Ava","F","0","Robinson","199.52281","free","New Haven-Milford, CT","836","Two Brown Eyes","50"
"Bootsy Collins","Celeste","F","0","Williams","411.42812","free","Klamath Falls, OR","826","Stretchin' Out (In A Rubber Band) (LP Version)","53"
"Toy-Box","Cienna","F","0","Freeman","197.79873","free","New York-Newark-Jersey City, NY-NJ-PA","131","Eenie_ Meenie_ Miney_ Mo","56"
"The Libertines","Noah","M","2","Chavez","203.72853","free","Ogden-Clearfield, UT","755","Can't Stand Me Now","94"
"Beirut","Cienna","F","1","Freeman","142.31465","free","New York-Newark-Jersey City, NY-NJ-PA","131","The Penalty","56"
"Amy Winehouse","Noah","M","3","Chavez","154.14812","free","Ogden-Clearfield, UT","755","Love Is A Losing Game","94"
"Slipknot","Jordyn","F","1","Powell","278.59546","free","Philadelphia-Camden-Wilmington, PA-NJ-DE-MD","357","Before I Forget (Album Version)","98"
"The All-American Rejects","Jordyn","F","2","Powell","183.61424","free","Philadelphia-Camden-Wilmington, PA-NJ-DE-MD","357","One More Sad Song","98"
"Guns N' Roses","Andrea","F","0","Butler","406.17751","free","Pensacola-Ferry Pass-Brent, FL","745","Paradise City","90"
"Harmonia","Tegan","F","0","Levine","655.77751","paid","Portland-South Portland, ME","848","Sehr kosmisch","80"
"Roky Erickson","Andrea","F","1","Butler","248.0322","free","Pensacola-Ferry Pass-Brent, FL","745","Cold night for alligators","90"
"Modest Mouse","Tegan","F","1","Levine","58.90567","paid","Portland-South Portland, ME","848","Interlude (Milo)","80"
"Velour 100","Tegan","F","2","Levine","202.29179","paid","Portland-South Portland, ME","848","Clouds (Of Color Bright Album Version)","80"
"Soundgarden","Tegan","F","3","Levine","290.11546","paid","Portland-South Portland, ME","848","Burden In My Hand","80"
"Shinedown","Tegan","F","4","Levine","229.98159","paid","Portland-South Portland, ME","848","Devour (Album Version)","80"
"Benassi Bros.","Tegan","F","5","Levine","348.60363","paid","Portland-South Portland, ME","848","Turn Me Up (Sfaction Version / Feat. Sandy)","80"
"The Black Keys","Tegan","F","6","Levine","211.01669","paid","Portland-South Portland, ME","848","Tighten Up","80"
"Taylor Swift","Tegan","F","7","Levine","237.03465","paid","Portland-South Portland, ME","848","Jump Then Fall","80"
"Company Flow","Rylan","M","1","George","347.53261","paid","Birmingham-Hoover, AL","854","Definitive","16"
"Belanova","Tegan","F","8","Levine","187.53261","paid","Portland-South Portland, ME","848","Me Pregunto","80"
"Hinder","Tegan","F","9","Levine","262.05995","paid","Portland-South Portland, ME","848","Lips Of An Angel","80"
"Armin van Buuren","Rylan","M","2","George","425.9522","paid","Birmingham-Hoover, AL","854","Intricacy","16"
"Lauryn Hill","Tegan","F","11","Levine","326.53016","paid","Portland-South Portland, ME","848","Ex-Factor","80"
"12 Stones","Rylan","M","3","George","225.98485","paid","Birmingham-Hoover, AL","854","The Way I Feel (Not Our Master)","16"
"WILL B","Tegan","F","12","Levine","525.26975","paid","Portland-South Portland, ME","848","Upgrade","80"
"Mikromusic","Rylan","M","4","George","289.17506","paid","Birmingham-Hoover, AL","854","Moje Mieszkanie","16"
"Kajagoogoo","Rylan","M","5","George","223.55546","paid","Birmingham-Hoover, AL","854","Too Shy","16"
"Pearl Jam","Tegan","F","13","Levine","219.32363","paid","Portland-South Portland, ME","848","Can't Keep","80"
"Marilyn Manson","Rylan","M","6","George","305.76281","paid","Birmingham-Hoover, AL","854","I Don't Like The Drugs (But The Drugs Like Me)","16"
"The Darkness","Tegan","F","14","Levine","209.3971","paid","Portland-South Portland, ME","848","Growing On Me","80"
"Florence + The Machine","Rylan","M","7","George","290.48118","paid","Birmingham-Hoover, AL","854","Rabbit Heart (Raise It Up)","16"
"Rilo Kiley","Tegan","F","15","Levine","205.26975","paid","Portland-South Portland, ME","848","More Adventurous (Album Version)","80"
"David Banner / Chris Brown / Yung Joc","Tegan","F","16","Levine","224.54812","paid","Portland-South Portland, ME","848","Get Like Me","80"
"Tracy Nelson","Rylan","M","8","George","272.74404","paid","Birmingham-Hoover, AL","854","Cry On (Album Version)","16"
"Mogwai","Tegan","F","17","Levine","327.23546","paid","Portland-South Portland, ME","848","Kids Will Be Skeletons","80"
"Peter Tosh","Rylan","M","9","George","790.36036","paid","Birmingham-Hoover, AL","854","Rastafari Is","16"
"Bernard Fanning","Tegan","F","18","Levine","151.09179","paid","Portland-South Portland, ME","848","Wish You Well","80"
"Origin Unknown","Tegan","F","19","Levine","273.44934","paid","Portland-South Portland, ME","848","Valley of the Shadows","80"
"Kristofer ÃÂstrÃÂ¶m","Tegan","F","20","Levine","341.26322","paid","Portland-South Portland, ME","848","Not Cool Again","80"
"Kiuas","Rylan","M","10","George","265.24689","paid","Birmingham-Hoover, AL","854","The New Chapter","16"
"Cage The Elephant","Tegan","F","21","Levine","228.0224","paid","Portland-South Portland, ME","848","Back Against The Wall","80"
"Stephen Fretwell","Rylan","M","11","George","215.69261","paid","Birmingham-Hoover, AL","854","Emily","16"
"Randy Crawford","Tegan","F","22","Levine","270.75873","paid","Portland-South Portland, ME","848","Almaz","80"
"Justice","Rylan","M","12","George","236.12036","paid","Birmingham-Hoover, AL","854","DVNO","16"
"Alliance Ethnik","Tegan","F","23","Levine","252.21179","paid","Portland-South Portland, ME","848","ReprÃÂ©sente","80"
"Kaiser Chiefs","Rylan","M","13","George","221.07383","paid","Birmingham-Hoover, AL","854","Try Your Best","16"
"Krokus","Rylan","M","14","George","254.51057","paid","Birmingham-Hoover, AL","854","Out Of Control","16"
"Bloodhound Gang","Tegan","F","24","Levine","261.79873","paid","Portland-South Portland, ME","848","The Bad Touch","80"
"Naughty By Nature","Rylan","M","15","George","269.68771","paid","Birmingham-Hoover, AL","854","O.P.P.","16"
"The Mercury Program","Tegan","F","25","Levine","439.50975","paid","Portland-South Portland, ME","848","Fragile or Possibly Extinct","80"
"Filterfunk","Aiden","M","0","Hess","173.03465","free","La Crosse-Onalaska, WI-MN","760","S.O.S. (Message In A Bottle) (Hi_Tack Radio Edit)","86"
"Genesis","Ryan","M","0","Smith","265.97832","free","San Jose-Sunnyvale-Santa Clara, CA","853","That's All (2007 Digital Remaster)","26"
"Selena Gomez & The Scene","Aiden","M","1","Hess","172.61669","free","La Crosse-Onalaska, WI-MN","760","Stop & Erase","86"
"Public Image Ltd","Rylan","M","16","George","550.68689","paid","Birmingham-Hoover, AL","854","Theme","16"
"Johnny Winter","Tegan","F","26","Levine","223.81669","paid","Portland-South Portland, ME","848","Still Alive And Well","80"
"Gordon Lightfoot","Rylan","M","17","George","179.9571","paid","Birmingham-Hoover, AL","854","Long Thin Dawn","16"
"The Courteeners","Ryan","M","1","Smith","225.48853","free","San Jose-Sunnyvale-Santa Clara, CA","868","Take Over The World","26"
"Daughtry","Tucker","M","0","Garrison","201.63873","free","Oxnard-Thousand Oaks-Ventura, CA","798","Gone","40"
"Sugarman 3","Avery","F","1","Watkins","177.44934","paid","San Jose-Sunnyvale-Santa Clara, CA","691","Honey Wagon","30"
"Shawn McDonald","Devin","M","0","Larson","358.89587","free","Tampa-St. Petersburg-Clearwater, FL","765","Lovely","60"
"El Cuarteto De Nos","Avery","F","2","Watkins","241.44934","paid","San Jose-Sunnyvale-Santa Clara, CA","691","Invierno Del 92","30"
"Chromeo","Avery","F","3","Watkins","274.31138","paid","San Jose-Sunnyvale-Santa Clara, CA","691","Rage!","30"
"Aaliyah","Devin","M","1","Larson","266.50077","free","Tampa-St. Petersburg-Clearwater, FL","765","Are You That Somebody? ( LP Version )","60"
"Rick James","Avery","F","4","Watkins","209.97179","paid","San Jose-Sunnyvale-Santa Clara, CA","691","Stone City Band_ Hi!","30"
"John Mayer","Avery","F","5","Watkins","548.88444","paid","San Jose-Sunnyvale-Santa Clara, CA","691","Clarity","30"
"Ticanaf","Samuel","M","1","Gonzalez","2594.87302","free","Houston-The Woodlands-Sugar Land, TX","748","The Thousand Names of Lord Shiva (Part 1)","61"
"Symphony X","Avery","F","6","Watkins","98.21995","paid","San Jose-Sunnyvale-Santa Clara, CA","691","Prelude","30"
"Cat Stevens","Avery","F","7","Watkins","252.81261","paid","San Jose-Sunnyvale-Santa Clara, CA","691","Peace Train","30"
"The Kills","Avery","F","8","Watkins","203.38893","paid","San Jose-Sunnyvale-Santa Clara, CA","691","Last Day Of Magic","30"
"De-Phazz","Avery","F","9","Watkins","177.50159","paid","San Jose-Sunnyvale-Santa Clara, CA","691","Better Now","30"
"Tree63","Avery","F","10","Watkins","137.79546","paid","San Jose-Sunnyvale-Santa Clara, CA","691","You Only (Acoustic Version)","30"
"Kings Of Leon","Layla","F","5","Griffin","238.8371","paid","Lake Havasu City-Kingman, AZ","809","Happy Alone","24"
"Kings Of Convenience","Avery","F","11","Watkins","227.44771","paid","San Jose-Sunnyvale-Santa Clara, CA","691","Sorry Or Please","30"
"Metallica","Avery","F","12","Watkins","415.16363","paid","San Jose-Sunnyvale-Santa Clara, CA","691","Fade To Black","30"
"Dimmu Borgir","Layla","F","6","Griffin","385.41016","paid","Lake Havasu City-Kingman, AZ","809","A succubus in rapture","24"
"Panda","Layla","F","7","Griffin","120.47628","paid","Lake Havasu City-Kingman, AZ","809","AmnistÃÂ­a","24"
"Jackson Do Pandeiro","Avery","F","13","Watkins","157.51791","paid","San Jose-Sunnyvale-Santa Clara, CA","691","O Canto Da Ema","30"
"Kid Cudi","Celeste","F","0","Williams","227.34322","free","Klamath Falls, OR","860","Up Up & Away","53"
"Kate Voegele","Layla","F","8","Griffin","218.01751","paid","Lake Havasu City-Kingman, AZ","809","You Can't Break A Broken Heart","24"
"Bill Withers","Avery","F","14","Watkins","383.73832","paid","San Jose-Sunnyvale-Santa Clara, CA","691","Make Love To Your Mind","30"
"Matt Redman","Sylvie","F","0","Cruz","303.46404","free","Washington-Arlington-Alexandria, DC-VA-MD-WV","864","Blessed Be Your Name","10"
"Stacie Orrico","Celeste","F","1","Williams","225.35791","free","Klamath Falls, OR","860","Stuck (Album Version)","53"
"Shadows Fall","Layla","F","9","Griffin","220.3424","paid","Lake Havasu City-Kingman, AZ","809","War","24"
"The Killers","Avery","F","16","Watkins","246.80444","paid","San Jose-Sunnyvale-Santa Clara, CA","691","Read My Mind","30"
"Atmosphere","Avery","F","17","Watkins","257.38404","paid","San Jose-Sunnyvale-Santa Clara, CA","691","Trying To Find A Balance","30"
"La Ley","Emily","F","0","Benson","271.69914","paid","Augusta-Richmond County, GA-SC","852","DÃÂ­a cero","58"
"Jackson C. Frank","Avery","F","18","Watkins","164.04853","paid","San Jose-Sunnyvale-Santa Clara, CA","691","Halloween Is Black As Night","30"
"Juno Reactor","Avery","F","19","Watkins","365.40036","paid","San Jose-Sunnyvale-Santa Clara, CA","691","Masters Of Universe","30"
"Kid Cudi","Emily","F","1","Benson","220.89098","paid","Augusta-Richmond County, GA-SC","852","Sky Might Fall","58"
"Luza","Mohammad","M","0","Rodriguez","76.66893","paid","Sacramento--Roseville--Arden-Arcade, CA","812","Outro","88"
"Mayday Parade","Emily","F","2","Benson","247.92771","paid","Augusta-Richmond County, GA-SC","852","Take This To Heart (Album)","58"
"Tokio Hotel","Mohammad","M","1","Rodriguez","220.3424","paid","Sacramento--Roseville--Arden-Arcade, CA","812","Totgeliebt","88"
"Madonna","Avery","F","20","Watkins","260.75383","paid","San Jose-Sunnyvale-Santa Clara, CA","691","Beautiful Stranger","30"
"Sneaker Pimps","Emily","F","3","Benson","246.22975","paid","Augusta-Richmond County, GA-SC","852","Walking Zero","58"
"Dido","Mohammad","M","2","Rodriguez","217.83465","paid","Sacramento--Roseville--Arden-Arcade, CA","812","Thank You","88"
"Static-X","Avery","F","21","Watkins","134.13832","paid","San Jose-Sunnyvale-Santa Clara, CA","691","Monster (Album Version)","30"
"Golden Smog","Emily","F","4","Benson","222.69342","paid","Augusta-Richmond County, GA-SC","852","Ill Fated","58"
"504 Boyz","Avery","F","22","Watkins","269.03465","paid","San Jose-Sunnyvale-Santa Clara, CA","691","Tight Whips","30"
"The Ruts","Makinley","F","5","Jones","338.96444","free","Chicago-Naperville-Elgin, IL-IN-WI","732","West One (Shine On Me)","17"
"Beanfield","Mohammad","M","3","Rodriguez","366.0273","paid","Sacramento--Roseville--Arden-Arcade, CA","812","Human Patterns","88"
"Florence + The Machine","Emily","F","5","Benson","219.66322","paid","Augusta-Richmond County, GA-SC","852","Dog Days Are Over (Radio Edit)","58"
"Pepper","Avery","F","23","Watkins","235.31057","paid","San Jose-Sunnyvale-Santa Clara, CA","691","Dry Spell (LP Version)","30"
"Florence + The Machine","Mohammad","M","4","Rodriguez","206.47138","paid","Sacramento--Roseville--Arden-Arcade, CA","812","Hardest Of Hearts","88"
"Coldplay","Emily","F","6","Benson","294.1122","paid","Augusta-Richmond County, GA-SC","852","Fix You","58"
"Coldplay","Avery","F","24","Watkins","228.77995","paid","San Jose-Sunnyvale-Santa Clara, CA","691","In My Place","30"
"Boys Like Girls featuring Taylor Swift","Emily","F","7","Benson","242.83383","paid","Augusta-Richmond County, GA-SC","852","Two Is Better Than One","58"
"Everclear","Avery","F","25","Watkins","222.61506","paid","San Jose-Sunnyvale-Santa Clara, CA","691","Summerland","30"
"Erasure","Mohammad","M","9","Rodriguez","242.28526","paid","Sacramento--Roseville--Arden-Arcade, CA","812","Always (7'' Mix)","88"
"Two Door Cinema Club","Avery","F","26","Watkins","209.73669","paid","San Jose-Sunnyvale-Santa Clara, CA","691","This Is The Life","30"
"Serj Tankian","Emily","F","9","Benson","281.46893","paid","Augusta-Richmond County, GA-SC","852","Saving Us (Album Version)","58"
"Mamonas Assassinas","Avery","F","27","Watkins","156.682","paid","San Jose-Sunnyvale-Santa Clara, CA","691","Jumento Celestino","30"
"Sara Groves","Mohammad","M","12","Rodriguez","287.45098","paid","Sacramento--Roseville--Arden-Arcade, CA","812","What Do I Know","88"
"Antonio Carlos Jobim","Emily","F","10","Benson","151.77098","paid","Augusta-Richmond County, GA-SC","852","Ela E Carioca","58"
"Jorge Drexler","Avery","F","28","Watkins","212.55791","paid","San Jose-Sunnyvale-Santa Clara, CA","691","La Huella De Tu Mirada","30"
"Antony & The Johnsons","Emily","F","11","Benson","100.51873","paid","Augusta-Richmond County, GA-SC","852","What Can I Do?","58"
"The Fugees","Mohammad","M","13","Rodriguez","281.20771","paid","Sacramento--Roseville--Arden-Arcade, CA","812","Ready Or Not","88"
"Matt Costa","Emily","F","12","Benson","215.17016","paid","Augusta-Richmond County, GA-SC","852","Behind The Moon","58"
"Limp Bizkit","Avery","F","29","Watkins","270.49751","paid","San Jose-Sunnyvale-Santa Clara, CA","691","Behind Blue Eyes","30"
"Florence + The Machine","Emily","F","13","Benson","206.47138","paid","Augusta-Richmond County, GA-SC","852","Hardest Of Hearts","58"
"She & Him","Mohammad","M","14","Rodriguez","134.32118","paid","Sacramento--Roseville--Arden-Arcade, CA","812","Black Hole","88"
"the bird and the bee","Avery","F","30","Watkins","229.32853","paid","San Jose-Sunnyvale-Santa Clara, CA","691","Baby","30"
"Lonnie Gordon","Mohammad","M","15","Rodriguez","181.21098","paid","Sacramento--Roseville--Arden-Arcade, CA","812","Catch You Baby (Steve Pitron & Max Sanna Radio Edit)","88"
"Five Iron Frenzy","Emily","F","14","Benson","236.09424","paid","Augusta-Richmond County, GA-SC","852","Canada","58"
"Epidemic","Avery","F","31","Watkins","198.89587","paid","San Jose-Sunnyvale-Santa Clara, CA","691","Walk Away (Single/LP Version)","30"
"BjÃÂ¶rk","Mohammad","M","16","Rodriguez","348.57751","paid","Sacramento--Roseville--Arden-Arcade, CA","812","Undo","88"
"TV On The Radio","Emily","F","15","Benson","336.48281","paid","Augusta-Richmond County, GA-SC","852","Love Dog","58"
"Prince & The Revolution","Avery","F","32","Watkins","227.65669","paid","San Jose-Sunnyvale-Santa Clara, CA","691","Kiss (LP Version)","30"
"Paramore","Mohammad","M","17","Rodriguez","267.65016","paid","Sacramento--Roseville--Arden-Arcade, CA","812","The Only Exception (Album Version)","88"
"LÃÂ©o FerrÃÂ©","Emily","F","16","Benson","144.53506","paid","Augusta-Richmond County, GA-SC","852","Le Vin De L'Assassin","58"
"No Te Va Gustar","Emily","F","17","Benson","206.99383","paid","Augusta-Richmond County, GA-SC","852","Dejame Bailar","58"
"Kid Cudi / MGMT / Ratatat","Mohammad","M","18","Rodriguez","295.67955","paid","Sacramento--Roseville--Arden-Arcade, CA","812","Pursuit Of Happiness (nightmare)","88"
"Clementina De Jesus","Emily","F","18","Benson","126.58893","paid","Augusta-Richmond County, GA-SC","852","Madrugada","58"
"Guano Apes","Emily","F","19","Benson","273.26649","paid","Augusta-Richmond County, GA-SC","852","Living In A Lie","58"
"Dizmas","Mohammad","M","19","Rodriguez","228.85832","paid","Sacramento--Roseville--Arden-Arcade, CA","812","Night Divine (On A Search In America Album Version)","88"
"Justin Bieber","Mohammad","M","20","Rodriguez","264.35873","paid","Sacramento--Roseville--Arden-Arcade, CA","812","Never Let You Go","88"
"Mark Ronson","Emily","F","20","Benson","238.73261","paid","Augusta-Richmond County, GA-SC","852","Diduntdidunt (featuring Saigon) (Amended Version)","58"
"Betty Carter","Mohammad","M","21","Rodriguez","118.282","paid","Sacramento--Roseville--Arden-Arcade, CA","812","Look No Further","88"
"JosÃÂ© Gonzalez","Emily","F","21","Benson","158.48444","paid","Augusta-Richmond County, GA-SC","852","Heartbeats","58"
"Chris Brown","Mohammad","M","22","Rodriguez","252.05506","paid","Sacramento--Roseville--Arden-Arcade, CA","812","With You","88"
"Elton John","Emily","F","22","Benson","417.01832","paid","Augusta-Richmond County, GA-SC","852","Song For Guy","58"
"Florence + The Machine","Mohammad","M","23","Rodriguez","290.48118","paid","Sacramento--Roseville--Arden-Arcade, CA","812","Rabbit Heart (Raise It Up)","88"
"Moca","Lily","F","0","Burns","305.05751","free","New York-Newark-Jersey City, NY-NJ-PA","885","Latein","32"
"Flogging Molly","Emily","F","24","Benson","333.53098","paid","Augusta-Richmond County, GA-SC","852","What's Left of the Flag","58"
"Carly Simon","Mohammad","M","24","Rodriguez","195.39546","paid","Sacramento--Roseville--Arden-Arcade, CA","812","Boys In The Trees (LP Version)","88"
"The Prodigy","Mohammad","M","25","Rodriguez","225.09669","paid","Sacramento--Roseville--Arden-Arcade, CA","812","Firestarter","88"
"Slipknot","Lily","F","1","Burns","159.76444","free","New York-Newark-Jersey City, NY-NJ-PA","885","Spit It Out [Explicit]","32"
"Baroness","Emily","F","25","Benson","60.29016","paid","Augusta-Richmond County, GA-SC","852","Blackpowder Orchard","58"
"Ricchi E Poveri","Emily","F","26","Benson","256.13016","paid","Augusta-Richmond County, GA-SC","852","La Prima Cosa Bella","58"
"Linkin Park","Mohammad","M","27","Rodriguez","494.99383","paid","Sacramento--Roseville--Arden-Arcade, CA","812","Bleed It Out [Live At Milton Keynes]","88"
"Ed Harcourt","Emily","F","27","Benson","257.74975","paid","Augusta-Richmond County, GA-SC","852","Rain On The Pretty Ones","58"
"India.Arie","Emily","F","28","Benson","326.76526","paid","Augusta-Richmond County, GA-SC","852","India'Song","58"
"Country Joe & The Fish","Mohammad","M","28","Rodriguez","294.76526","paid","Sacramento--Roseville--Arden-Arcade, CA","812","Rockin Round The World","88"
"India.Arie","Emily","F","29","Benson","231.6273","paid","Augusta-Richmond County, GA-SC","852","Beautiful Flower","58"
"Sia","Mohammad","M","29","Rodriguez","208.61342","paid","Sacramento--Roseville--Arden-Arcade, CA","812","Playground","88"
"FONZIE","Emily","F","30","Benson","254.56281","paid","Augusta-Richmond County, GA-SC","852","Wake Up Call","58"
"Phil Wickham","Mohammad","M","30","Rodriguez","273.03138","paid","Sacramento--Roseville--Arden-Arcade, CA","812","The Time Is Now","88"
"Two Door Cinema Club","Emily","F","31","Benson","168.09751","paid","Augusta-Richmond County, GA-SC","852","Undercover Martyn","58"
"T.I.","Mohammad","M","31","Rodriguez","263.02649","paid","Sacramento--Roseville--Arden-Arcade, CA","812","The Greatest [Featuring Mannie Fresh] (Amended Album Version)","88"
"Dominique A","Emily","F","32","Benson","153.20771","paid","Augusta-Richmond County, GA-SC","852","Le Courage Des Oiseaux","58"
"Angus & Julia Stone","Mohammad","M","32","Rodriguez","290.71628","paid","Sacramento--Roseville--Arden-Arcade, CA","812","What You Wanted","88"
"Eels","Emily","F","33","Benson","286.85016","paid","Augusta-Richmond County, GA-SC","852","Not Ready Yet","58"
"David Bowie","Mohammad","M","33","Rodriguez","189.98812","paid","Sacramento--Roseville--Arden-Arcade, CA","812","Let's Spend The Night Together (1999 Digital Remaster)","88"
"Gov't Mule","Emily","F","34","Benson","258.14159","paid","Augusta-Richmond County, GA-SC","852","Mr. Man","58"
"Huntingtons","Mohammad","M","34","Rodriguez","65.85424","paid","Sacramento--Roseville--Arden-Arcade, CA","812","FFT (The Good_ The Bad_ And The Ugly Album Version)","88"
"Kathy Mattea","Mohammad","M","35","Rodriguez","225.59302","paid","Sacramento--Roseville--Arden-Arcade, CA","812","Come Away With Me","88"
"Molotov","Mohammad","M","36","Rodriguez","210.07628","paid","Sacramento--Roseville--Arden-Arcade, CA","812","Frijolero","88"
"Godsmack","Mohammad","M","37","Rodriguez","265.9522","paid","Sacramento--Roseville--Arden-Arcade, CA","812","Moon Baby","88"
"Kings Of Leon","Mohammad","M","38","Rodriguez","237.26975","paid","Sacramento--Roseville--Arden-Arcade, CA","812","Trunk","88"
"Metallica","Aiden","M","0","Hess","415.16363","free","La Crosse-Onalaska, WI-MN","869","Fade To Black","86"
"Raimundos","Aiden","M","1","Hess","131.05587","free","La Crosse-Onalaska, WI-MN","869","Oliver'S Army","86"
"Linkin Park","Aiden","M","2","Hess","494.99383","free","La Crosse-Onalaska, WI-MN","869","Bleed It Out [Live At Milton Keynes]","86"
"Damian Marley / Bunny Wailer","Aiden","M","3","Hess","329.06404","free","La Crosse-Onalaska, WI-MN","869","Confrontation","86"
"Mos Def","Kinsley","F","1","Young","188.86485","paid","Red Bluff, CA","793","Caldonia","85"
"Yann Tiersen","Anabelle","F","0","Simpson","120.39791","free","Philadelphia-Camden-Wilmington, PA-NJ-DE-MD","858","La Valse D'AmÃÂ©lie (Version Orchestre)","69"
"Fatboy Slim","Kinsley","F","2","Young","221.51791","paid","Red Bluff, CA","793","Everybody Needs A 303","85"
"Meg & Dia","Kinsley","F","3","Young","209.26649","paid","Red Bluff, CA","793","Masterpiece (Album Version)","85"
"Chicks On Speed","Kinsley","F","4","Young","263.13098","paid","Red Bluff, CA","793","Wordy Rappinghood","85"
"The Kills","Kinsley","F","5","Young","231.91465","paid","Red Bluff, CA","793","Goodnight Bad Morning","85"
"Jaci Velasquez","Kinsley","F","0","Young","200.95955","paid","Red Bluff, CA","891","Something (Album Version)","85"
"Coldplay","Kinsley","F","1","Young","268.38159","paid","Red Bluff, CA","891","Yellow","85"
"Clannad","Kinsley","F","2","Young","299.62404","paid","Red Bluff, CA","891","Love And Affection","85"
"Black Eyed Peas","Kinsley","F","3","Young","193.88036","paid","Red Bluff, CA","891","Gone Going","85"
"Evanescence","Kinsley","F","4","Young","273.37098","paid","Red Bluff, CA","891","My Immortal (bonus)","85"
"The Mossie","Kinsley","F","5","Young","147.19955","paid","Red Bluff, CA","891","Interlude #1 (Mama)","85"
"Michael W. Smith","Kinsley","F","6","Young","254.79791","paid","Red Bluff, CA","891","Draw Me Close","85"
"The Killers","Kinsley","F","7","Young","258.89914","paid","Red Bluff, CA","891","On Top","85"
"Michael BublÃÂ©","Kinsley","F","8","Young","184.94649","paid","Red Bluff, CA","891","Some Kind Of Wonderful (Non-Album Track)","85"
"Harmonia","Kinsley","F","9","Young","655.77751","paid","Red Bluff, CA","891","Sehr kosmisch","85"
"Bobby Goldsboro","Kinsley","F","10","Young","238.602","paid","Red Bluff, CA","891","Honey","85"
"Creedence Clearwater Revived","Kinsley","F","11","Young","297.87383","paid","Red Bluff, CA","891","Suzy Q","85"
"Ghostland Observatory","Kinsley","F","12","Young","301.13914","paid","Red Bluff, CA","891","Robotique Majestique (Album)","85"
"Feist","Aiden","M","0","Hess","184.94649","free","La Crosse-Onalaska, WI-MN","889","My Moon My Man","86"
"Uncle Kracker","Kinsley","F","13","Young","216.08444","paid","Red Bluff, CA","891","Follow Me (Explicit LP Version)","85"
"Per Gessle","Kinsley","F","14","Young","192.67873","paid","Red Bluff, CA","891","Listen To Your Heart (Cologne)","85"
"Big & Rich","Kinsley","F","15","Young","298.23955","paid","Red Bluff, CA","891","8th Of November (Album Version) (w/o Intro)","85"
"Dead Can Dance","Kinsley","F","16","Young","230.05995","paid","Red Bluff, CA","891","The Writing On My Fathers Hand","85"
"Alliance Ethnik","Kinsley","F","17","Young","195.94404","paid","Red Bluff, CA","891","SinceritÃÂ© Et Jalousie","85"
"DAVE MATTHEWS BAND","Kinsley","F","18","Young","109.50485","paid","Red Bluff, CA","891","#40","85"
"Victor Jara","Kinsley","F","20","Young","105.58649","paid","Red Bluff, CA","891","Ay Mi Palomita (1997 Digital Remaster)","85"
"Rose Royce","Kinsley","F","21","Young","275.9571","paid","Red Bluff, CA","891","Get Up Off Your Fat","85"
"Sex Pistols","Kinsley","F","22","Young","194.63791","paid","Red Bluff, CA","891","Who Was It (Demo Version Of 'EMI')","85"
"Devin Townsend","Kinsley","F","23","Young","436.40118","paid","Red Bluff, CA","891","The fluke","85"
"Szarka Gyula","Kinsley","F","24","Young","243.53914","paid","Red Bluff, CA","891","BorivÃÂ³knak valÃÂ³","85"
"The Clash","Kinsley","F","25","Young","186.06975","paid","Red Bluff, CA","891","I'm Not Down","85"
"DJ Shadow","Kinsley","F","26","Young","549.56363","paid","Red Bluff, CA","891","Blood On The Motorway","85"
"Beck","Kinsley","F","27","Young","139.59791","paid","Red Bluff, CA","891","Lemonade","85"
"Johnny Mathis","Kinsley","F","28","Young","140.93016","paid","Red Bluff, CA","891","Misty","85"
"Nicolai Dunger","Kinsley","F","29","Young","163.65669","paid","Red Bluff, CA","891","Our Filmscore","85"
"Miranda Cosgrove featuring Drake Bell","Kimber","F","1","Norris","161.04444","free","New York-Newark-Jersey City, NY-NJ-PA","488","Leave It All To Me (Theme from iCarly)","47"
"Stephen Lynch","Jayden","M","0","Bell","182.85669","free","Dallas-Fort Worth-Arlington, TX","829","Jim Henson's Dead","91"
"Manowar","Jacob","M","0","Klein","247.562","paid","Tampa-St. Petersburg-Clearwater, FL","1049","Shell Shock","73"
"Morcheeba","Jacob","M","1","Klein","257.41016","paid","Tampa-St. Petersburg-Clearwater, FL","1049","Women Lose Weight (Feat: Slick Rick)","73"
"Maroon 5","Jacob","M","2","Klein","231.23546","paid","Tampa-St. Petersburg-Clearwater, FL","1049","Won't Go Home Without You","73"
"Train","Jacob","M","3","Klein","216.76363","paid","Tampa-St. Petersburg-Clearwater, FL","1049","Hey_ Soul Sister","73"
"LMFAO","Jacob","M","4","Klein","227.99628","paid","Tampa-St. Petersburg-Clearwater, FL","1049","I'm In Miami Bitch","73"
"DJ Dizzy","Jacob","M","5","Klein","221.1522","paid","Tampa-St. Petersburg-Clearwater, FL","1049","Sexy Bitch","73"
"Fish Go Deep & Tracey K","Jacob","M","6","Klein","377.41669","paid","Tampa-St. Petersburg-Clearwater, FL","1049","The Cure & The Cause (Dennis Ferrer Remix)","73"
"M83","Jacob","M","7","Klein","96.1824","paid","Tampa-St. Petersburg-Clearwater, FL","1049","Staring At Me","73"
"Saybia","Jacob","M","8","Klein","257.25342","paid","Tampa-St. Petersburg-Clearwater, FL","1049","The Second You Sleep","73"
"Local Natives","Jacob","M","9","Klein","266.05669","paid","Tampa-St. Petersburg-Clearwater, FL","1049","Wide Eyes","73"
"South Park","Jacob","M","10","Klein","112.97914","paid","Tampa-St. Petersburg-Clearwater, FL","1049","La Resistance (Medley) (LP Version)","73"
"UNKLE Feat. Josh Homme","Jacob","M","11","Klein","307.19955","paid","Tampa-St. Petersburg-Clearwater, FL","1049","Restless","73"
"Justyna Steczkowska","Jacob","M","12","Klein","333.53098","paid","Tampa-St. Petersburg-Clearwater, FL","1049","Noc...","73"
"Evanescence","Jacob","M","13","Klein","256.91383","paid","Tampa-St. Petersburg-Clearwater, FL","1049","Like You","73"
"Coldplay","Jacob","M","14","Klein","297.35138","paid","Tampa-St. Petersburg-Clearwater, FL","1049","God Put A Smile Upon Your Face","73"
"Hot Chip","Jacob","M","15","Klein","333.50485","paid","Tampa-St. Petersburg-Clearwater, FL","1049","Playboy","73"
"Ellie Goulding","Jacob","M","16","Klein","205.06077","paid","Tampa-St. Petersburg-Clearwater, FL","1049","Every Time You Go","73"
"Postal Service","Jacob","M","17","Klein","307.53914","paid","Tampa-St. Petersburg-Clearwater, FL","1049","Natural Anthem (Album)","73"
"Jack Johnson","Aiden","M","1","Hess","240.06485","free","La Crosse-Onalaska, WI-MN","986","Taylor","86"
"Iron And Wine","Aiden","M","2","Hess","153.05098","free","La Crosse-Onalaska, WI-MN","986","Naked As We Can","86"
"The xx","Aiden","M","3","Hess","158.24934","free","La Crosse-Onalaska, WI-MN","986","Fantasy","86"
"The Antlers","Aiden","M","4","Hess","328.88118","free","La Crosse-Onalaska, WI-MN","986","Epilogue","86"
"Fattburger","Aiden","M","5","Hess","217.20771","free","La Crosse-Onalaska, WI-MN","986","Groovin'","86"
"Chris Brown","Layla","F","2","Griffin","203.80689","paid","Lake Havasu City-Kingman, AZ","1051","Ain't No Way (You Won't Love Me)","24"
"Phoenix","Layla","F","3","Griffin","278.07302","paid","Lake Havasu City-Kingman, AZ","1051","Rome","24"
"Jim Lauderdale/Ralph Stanley & The Clinch Mountain Boys","Layla","F","5","Griffin","127.05914","paid","Lake Havasu City-Kingman, AZ","1051","Highway Through My Home","24"
"Musiq","Layla","F","7","Griffin","297.84771","paid","Lake Havasu City-Kingman, AZ","1051","143","24"
"Cass McCombs feat. Karen Black","Layla","F","8","Griffin","322.06322","paid","Lake Havasu City-Kingman, AZ","1051","Dreams-Come-True-Girl","24"
"Scissor Sisters","Layla","F","10","Griffin","352.522","paid","Lake Havasu City-Kingman, AZ","1051","I Don't Feel Like Dancin'","24"
"O.A.R.","Layla","F","11","Griffin","315.74159","paid","Lake Havasu City-Kingman, AZ","1051","Right On Time (Album Version)","24"
"1 Mile North","Ryan","M","0","Smith","352.73098","free","San Jose-Sunnyvale-Santa Clara, CA","1068","Black Lines","26"
"Muse","Layla","F","12","Griffin","304.84853","paid","Lake Havasu City-Kingman, AZ","1051","Uprising","24"
"USS (Ubiquitous Synergy Seeker)","Ryan","M","1","Smith","307.61751","free","San Jose-Sunnyvale-Santa Clara, CA","1068","Man Makes The Zoo","26"
"The Psychedelic Furs","Layla","F","13","Griffin","417.07057","paid","Lake Havasu City-Kingman, AZ","1051","Blacks/Radio","24"
"EsmÃÂ©e Denters / Justin Timberlake","Ryan","M","2","Smith","227.52608","free","San Jose-Sunnyvale-Santa Clara, CA","1068","Love Dealer (Featuring Justin Timberlake)","26"
"Alliance Ethnik","Layla","F","14","Griffin","252.21179","paid","Lake Havasu City-Kingman, AZ","1051","ReprÃÂ©sente","24"
"Train","Ryan","M","3","Smith","216.76363","free","San Jose-Sunnyvale-Santa Clara, CA","1068","Hey_ Soul Sister","26"
"Hoobastank","Layla","F","15","Griffin","202.57914","paid","Lake Havasu City-Kingman, AZ","1051","Up And Gone","24"
"Ismael Serrano","Layla","F","16","Griffin","179.35628","paid","Lake Havasu City-Kingman, AZ","1051","Te Conoci","24"
"The Pussycat Dolls / Snoop Dogg","Ryan","M","6","Smith","210.31138","free","San Jose-Sunnyvale-Santa Clara, CA","1068","Bottle Pop","26"
"Dierks Bentley","Layla","F","17","Griffin","198.63465","paid","Lake Havasu City-Kingman, AZ","1051","My Love Will Follow You","24"
"59 Times the Pain","Ryan","M","7","Smith","144.95302","free","San Jose-Sunnyvale-Santa Clara, CA","1068","Found Home","26"
"Linkin Park","Layla","F","18","Griffin","259.86567","paid","Lake Havasu City-Kingman, AZ","1051","My December","24"
"New Order","Ryan","M","8","Smith","288.05179","free","San Jose-Sunnyvale-Santa Clara, CA","1068","The Perfect Kiss","26"
"Madeleine Peyroux","Layla","F","19","Griffin","206.18404","paid","Lake Havasu City-Kingman, AZ","1051","You're Gonna Make Me Lonesome When You Go","24"
"Bow Wow feat. Chris Brown and JohntÃÂ¡ Austin","Ryan","M","9","Smith","268.06812","free","San Jose-Sunnyvale-Santa Clara, CA","1068","Shortie Like Mine","26"
"Symphony X","Ryan","M","10","Smith","389.45914","free","San Jose-Sunnyvale-Santa Clara, CA","1068","Domination","26"
"Minnie Riperton","Chloe","F","0","Cuevas","238.73261","paid","San Francisco-Oakland-Hayward, CA","1079","Inside My Love (Digitally Remastered 93)","49"
"Custom Blue","Chloe","F","1","Cuevas","346.51383","paid","San Francisco-Oakland-Hayward, CA","1079","Structure","49"
"Rage Against The Machine","Chloe","F","2","Cuevas","314.40934","paid","San Francisco-Oakland-Hayward, CA","1079","Killing In The Name","49"
"Milli Vanilli","Katherine","F","0","Gay","197.92934","free","San Antonio-New Braunfels, TX","1020","Girl You Know It's True","57"
"David Arkenstone","Chloe","F","3","Cuevas","363.41506","paid","San Francisco-Oakland-Hayward, CA","1079","Waterfall (Spirit Of The Rainforest Album Version)","49"
"Cosmo Vitelli","Chloe","F","4","Cuevas","206.05342","paid","San Francisco-Oakland-Hayward, CA","1079","Robot Soul (Radio Edit)","49"
"Morcheeba","Chloe","F","5","Cuevas","277.4722","paid","San Francisco-Oakland-Hayward, CA","1079","Blindfold","49"
"Jason Mraz","Chloe","F","6","Cuevas","243.48689","paid","San Francisco-Oakland-Hayward, CA","1079","I'm Yours (Album Version)","49"
"Deep Dish","Avery","F","2","Watkins","274.28526","paid","San Jose-Sunnyvale-Santa Clara, CA","884","Say Hello","30"
"Cutting Crew","Chloe","F","7","Cuevas","263.07873","paid","San Francisco-Oakland-Hayward, CA","1079","(I Just) Died In Your Arms","49"
"The Velvet Underground","Avery","F","3","Watkins","240.66567","paid","San Jose-Sunnyvale-Santa Clara, CA","884","Sweet Jane","30"
"Future Rock","Chloe","F","8","Cuevas","239.90812","paid","San Francisco-Oakland-Hayward, CA","1079","Gears","49"
"The White Stripes","Avery","F","4","Watkins","231.81016","paid","San Jose-Sunnyvale-Santa Clara, CA","884","Seven Nation Army (Album Version)","30"
"Coldplay","Chloe","F","9","Cuevas","294.1122","paid","San Francisco-Oakland-Hayward, CA","1079","Fix You","49"
"Portishead","Avery","F","5","Watkins","259.99628","paid","San Jose-Sunnyvale-Santa Clara, CA","884","It Could Be Sweet","30"
"Thelma Houston","Chloe","F","10","Cuevas","196.51873","paid","San Francisco-Oakland-Hayward, CA","1079","If This Was The Last Song","49"
"Chicane","Avery","F","6","Watkins","223.92118","paid","San Jose-Sunnyvale-Santa Clara, CA","884","Poppiholla","30"
"Metallica","Ryann","F","1","Smith","466.54649","free","Palestine, TX","1006","The Unforgiven III","92"
"Jennifer Lopez","Chloe","F","11","Cuevas","301.34812","paid","San Francisco-Oakland-Hayward, CA","1079","Apresurate","49"
"Box Car Racer","Avery","F","7","Watkins","196.93669","paid","San Jose-Sunnyvale-Santa Clara, CA","884","There Is","30"
"Robin Thicke","Avery","F","8","Watkins","216.68526","paid","San Jose-Sunnyvale-Santa Clara, CA","884","Would That Make U Love Me","30"
"Dashboard Confessional","Chloe","F","12","Cuevas","226.29832","paid","San Francisco-Oakland-Hayward, CA","1079","Screaming Infidelities","49"
"Radney Foster","Avery","F","9","Watkins","205.84444","paid","San Jose-Sunnyvale-Santa Clara, CA","884","Big Idea","30"
"La Roux","Chloe","F","13","Cuevas","205.60934","paid","San Francisco-Oakland-Hayward, CA","1079","Bulletproof","49"
"Wax Tailor","Avery","F","11","Watkins","177.68444","paid","San Jose-Sunnyvale-Santa Clara, CA","884","The Tune","30"
"Kings Of Leon","Chloe","F","14","Cuevas","300.56444","paid","San Francisco-Oakland-Hayward, CA","1079","Trani","49"
"Kix","Avery","F","12","Watkins","246.25587","paid","San Jose-Sunnyvale-Santa Clara, CA","884","Girl Money","30"
"Mother Love Bone","Chloe","F","15","Cuevas","495.72526","paid","San Francisco-Oakland-Hayward, CA","1079","Chloe Dancer/Crown Of Thorns","49"
"The Decemberists","Avery","F","13","Watkins","252.81261","paid","San Jose-Sunnyvale-Santa Clara, CA","884","The Bachelor and the Bride","30"
"Telefon Tel Aviv","Avery","F","14","Watkins","222.09261","paid","San Jose-Sunnyvale-Santa Clara, CA","884","M","30"
"B.o.B","Chloe","F","16","Cuevas","269.63546","paid","San Francisco-Oakland-Hayward, CA","1079","Nothin' On You [feat. Bruno Mars] (Album Version)","49"
"Amy Winehouse","Avery","F","15","Watkins","409.96526","paid","San Jose-Sunnyvale-Santa Clara, CA","884","You Sent Me Flying / Cherry","30"
"BEFORE THE DAWN","Chloe","F","17","Cuevas","195.65669","paid","San Francisco-Oakland-Hayward, CA","1079","Faithless","49"
"The Strokes","Avery","F","16","Watkins","187.34975","paid","San Jose-Sunnyvale-Santa Clara, CA","884","You Only Live Once","30"
"Animals As Leaders","Chloe","F","18","Cuevas","323.83955","paid","San Francisco-Oakland-Hayward, CA","1079","Tempting Time","49"
"Mazzy Star","Avery","F","17","Watkins","297.9522","paid","San Jose-Sunnyvale-Santa Clara, CA","884","Flowers In December","30"
"Cream","Chloe","F","19","Cuevas","185.44281","paid","San Francisco-Oakland-Hayward, CA","1079","Take It Back","49"
"MÃÂºm","Avery","F","18","Watkins","68.67546","paid","San Jose-Sunnyvale-Santa Clara, CA","884","Behind Two Hills&A Swimming Pool","30"
"3OH!3","Chloe","F","20","Cuevas","192.522","paid","San Francisco-Oakland-Hayward, CA","1079","My First Kiss (Feat. Ke$ha) [Album Version]","49"
"N.W.A.","Avery","F","19","Watkins","266.26567","paid","San Jose-Sunnyvale-Santa Clara, CA","884","Straight Outta Compton (Extended Mix) (Edit) (Explicit)","30"
"Dan Auerbach","Chloe","F","21","Cuevas","296.95955","paid","San Francisco-Oakland-Hayward, CA","1079","Goin' Home","49"
"Lagwagon","Avery","F","20","Watkins","173.322","paid","San Jose-Sunnyvale-Santa Clara, CA","884","Sick","30"
"Coldplay","Chloe","F","22","Cuevas","294.1122","paid","San Francisco-Oakland-Hayward, CA","1079","Fix You","49"
"John Mayer","Chloe","F","23","Cuevas","250.38322","paid","San Francisco-Oakland-Hayward, CA","1079","Half Of My Heart","49"
"Kings Of Leon","Chloe","F","24","Cuevas","201.79546","paid","San Francisco-Oakland-Hayward, CA","1079","Revelry","49"
"Ashbury Heights","Chloe","F","25","Cuevas","198.60853","paid","San Francisco-Oakland-Hayward, CA","1079","World Coming Down","49"
"Scooter","Chloe","F","26","Cuevas","213.02812","paid","San Francisco-Oakland-Hayward, CA","1079","Fire","49"
"Boy Kill Boy","Chloe","F","27","Cuevas","220.47302","paid","San Francisco-Oakland-Hayward, CA","1079","Shoot Me Down","49"
"Eric B. & Rakim","Chloe","F","28","Cuevas","241.60608","paid","San Francisco-Oakland-Hayward, CA","1079","Juice (Know The Ledge)","49"
"Josh Groban","Chloe","F","29","Cuevas","243.40853","paid","San Francisco-Oakland-Hayward, CA","1079","Hymne A L'Amour (Album Version)","49"
"Bad Religion","Chloe","F","30","Cuevas","131.86567","paid","San Francisco-Oakland-Hayward, CA","1079","We're Only Gonna Die (Album Version)","49"
"Tempa T","Chloe","F","31","Cuevas","236.35546","paid","San Francisco-Oakland-Hayward, CA","1079","Next Hype","49"
"Charttraxx Karaoke","Chloe","F","32","Cuevas","225.17506","paid","San Francisco-Oakland-Hayward, CA","1079","Fireflies","49"
"Eagles","Chloe","F","33","Cuevas","372.29669","paid","San Francisco-Oakland-Hayward, CA","1079","Hotel California","49"
"Eric Clapton","Chloe","F","34","Cuevas","409.57342","paid","San Francisco-Oakland-Hayward, CA","1079","Little Wing","49"
"Spineshank","Chloe","F","35","Cuevas","187.6371","paid","San Francisco-Oakland-Hayward, CA","1079","Smothered (Album Version)","49"
"Kaiser Chiefs","Chloe","F","36","Cuevas","221.07383","paid","San Francisco-Oakland-Hayward, CA","1079","Try Your Best","49"
"Dominique A","Chloe","F","37","Cuevas","153.20771","paid","San Francisco-Oakland-Hayward, CA","1079","Le Courage Des Oiseaux","49"
"Kill Hannah","Chloe","F","38","Cuevas","224.49587","paid","San Francisco-Oakland-Hayward, CA","1079","Lips Like Morphine (Album Version)","49"
"I:gor","Chloe","F","39","Cuevas","190.27546","paid","San Francisco-Oakland-Hayward, CA","1079","Kiedys zrozumiesz","49"
"The All-American Rejects","Braden","M","0","Parker","206.96771","free","Youngstown-Warren-Boardman, OH-PA","1082","Fallin' Apart","74"
"Guns N' Roses","Chloe","F","40","Cuevas","284.05506","paid","San Francisco-Oakland-Hayward, CA","1079","Don't Cry (Original)","49"
"White Denim","Chloe","F","41","Cuevas","148.55791","paid","San Francisco-Oakland-Hayward, CA","1079","Transparency","49"
"El Canto del Loco","Chloe","F","42","Cuevas","226.0371","paid","San Francisco-Oakland-Hayward, CA","1079","La Suerte De Mi Vida","49"
"Grinderswitch","Chloe","F","43","Cuevas","268.2771","paid","San Francisco-Oakland-Hayward, CA","1079","Redwing","49"
"Donovan","Chloe","F","44","Cuevas","169.22077","paid","San Francisco-Oakland-Hayward, CA","1079","Starfish-On-The-Toast (2008 Digital Remaster)","49"
"As I Lay Dying","Chloe","F","45","Cuevas","348.1073","paid","San Francisco-Oakland-Hayward, CA","1079","Illusions","49"
"matchbox twenty","Mohammad","M","3","Rodriguez","241.34485","paid","Sacramento--Roseville--Arden-Arcade, CA","1075","Bright Lights (Remastered Version)","88"
"Kinky","Mohammad","M","4","Rodriguez","105.32526","paid","Sacramento--Roseville--Arden-Arcade, CA","1075","Field Goal","88"
"Shania Twain","Mohammad","M","5","Rodriguez","250.51383","paid","Sacramento--Roseville--Arden-Arcade, CA","1075","Nah!","88"
"Hinder","Mohammad","M","6","Rodriguez","231.73179","paid","Sacramento--Roseville--Arden-Arcade, CA","1075","By The Way","88"
"The Spencer Davis Group","Mohammad","M","7","Rodriguez","165.27628","paid","Sacramento--Roseville--Arden-Arcade, CA","1075","Keep On Running","88"
"SOJA","Mohammad","M","8","Rodriguez","355.89179","paid","Sacramento--Roseville--Arden-Arcade, CA","1075","I Dont Wanna Wait","88"
"Infected Mushroom","Mohammad","M","9","Rodriguez","463.72526","paid","Sacramento--Roseville--Arden-Arcade, CA","1075","Echonomix","88"
"Unkle Bob","Mohammad","M","10","Rodriguez","160.10404","paid","Sacramento--Roseville--Arden-Arcade, CA","1075","One By One","88"
"Alex Ubago","Matthew","M","1","Jones","313.28608","paid","Janesville-Beloit, WI","998","Sin Miedo a Nada (con Amaia Montero)","36"
"The Twilight Singers","Matthew","M","2","Jones","286.53669","paid","Janesville-Beloit, WI","998","Bonnie Brae","36"
"Chikita Violenta","Matthew","M","3","Jones","255.92118","paid","Janesville-Beloit, WI","998","War","36"
"Cat Stevens","Matthew","M","4","Jones","225.17506","paid","Janesville-Beloit, WI","998","Sad Lisa","36"
"Kenny Garrett","Matthew","M","5","Jones","265.19465","paid","Janesville-Beloit, WI","998","The House That Nat Built (Album Version)","36"
"You Me At Six","Matthew","M","6","Jones","216.68526","paid","Janesville-Beloit, WI","998","Jealous Minds Think Alike","36"
"Nellie Lutcher","Matthew","M","7","Jones","195.70893","paid","Janesville-Beloit, WI","998","My Mother's Eyes","36"
"Kid Cudi / Kanye West / Common","Matthew","M","8","Jones","237.76608","paid","Janesville-Beloit, WI","998","Make Her Say","36"
"Tiro De Gracia","Matthew","M","9","Jones","214.83057","paid","Janesville-Beloit, WI","998","Viaje Sin Rumbo (2004 Digital Remaster)","36"
"polarkreis 18","Matthew","M","10","Jones","265.29914","paid","Janesville-Beloit, WI","998","Dreamdancer","36"
"+ / - {Plus/Minus}","Matthew","M","11","Jones","318.98077","paid","Janesville-Beloit, WI","998","The Queen of Nothing","36"
"Dr Feelgood","Ryann","F","0","Smith","216.13669","free","Palestine, TX","1092","Riot In Cell Block Number Nine","92"
"Harmonia","Matthew","M","12","Jones","655.77751","paid","Janesville-Beloit, WI","998","Sehr kosmisch","36"
"Chimaira","Ryann","F","1","Smith","377.36444","free","Palestine, TX","1092","Everything You Love (Album Version)","92"
"Joshua Radin","Ryann","F","2","Smith","211.27791","free","Palestine, TX","1092","Someone Else's Life","92"
"Bajaga & Instruktori","Ryann","F","3","Smith","254.95465","free","Palestine, TX","1092","Godine prolaze","92"
"The Virgins","Matthew","M","13","Jones","169.37751","paid","Janesville-Beloit, WI","998","Private Affair (Amended Album Version)","36"
"SA Rawls / Still Flyin' / Still Flyin'","Matthew","M","14","Jones","183.09179","paid","Janesville-Beloit, WI","998","Ginko Biloba","36"
"Grown Ups","Matthew","M","15","Jones","233.42975","paid","Janesville-Beloit, WI","998","Three Day Weekend","36"
"Nancy Ajram","Matthew","M","16","Jones","221.67465","paid","Janesville-Beloit, WI","998","Meen Dah Elly Nseik","36"
"The Donkeys","Matthew","M","17","Jones","272.19546","paid","Janesville-Beloit, WI","998","Boot On The Seat","36"
"Datarock","Matthew","M","18","Jones","228.49261","paid","Janesville-Beloit, WI","998","FaFaFa (Radio Edit)","36"
"Daft Punk","Matthew","M","19","Jones","319.42485","paid","Janesville-Beloit, WI","998","Human After All","36"
"Justin Bieber","Matthew","M","21","Jones","220.89098","paid","Janesville-Beloit, WI","998","Somebody To Love","36"
"Beach House","Matthew","M","22","Jones","320.44363","paid","Janesville-Beloit, WI","998","Real Love","36"
"The Walkmen","Matthew","M","23","Jones","199.36608","paid","Janesville-Beloit, WI","998","Subterranean Homesick Blues (Album Version)","36"
"Busted / Charlie Simpson / Mattie Jay / James Bourne","Matthew","M","24","Jones","252.83873","paid","Janesville-Beloit, WI","998","Can't Break Thru","36"
"BeyoncÃÂ©","Austin","M","0","Rosales","374.59546","free","New York-Newark-Jersey City, NY-NJ-PA","1078","Get Me Bodied","12"
"Sick Puppies","Chloe","F","1","Cuevas","209.44934","paid","San Francisco-Oakland-Hayward, CA","1096","Maybe","49"
"U2","Chloe","F","2","Cuevas","289.2273","paid","San Francisco-Oakland-Hayward, CA","1096","Walk To The Water","49"
"Ron Carter","Chloe","F","3","Cuevas","497.13587","paid","San Francisco-Oakland-Hayward, CA","1096","I CAN'T GET STARTED","49"
"Duran Duran","Chloe","F","4","Cuevas","297.63873","paid","San Francisco-Oakland-Hayward, CA","1096","Breath After Breath","49"
"Tears For Fears","Chloe","F","5","Cuevas","255.34649","paid","San Francisco-Oakland-Hayward, CA","1096","Head Over Heels","49"
"Foo Fighters","Chloe","F","6","Cuevas","277.10649","paid","San Francisco-Oakland-Hayward, CA","1096","Lonely As You","49"
"Yellowcard","Samuel","M","1","Gonzalez","208.79628","free","Houston-The Woodlands-Sugar Land, TX","1064","One Year_ Six Months","61"
"Big Tymers","Chloe","F","7","Cuevas","252.05506","paid","San Francisco-Oakland-Hayward, CA","1096","Against The Wall","49"
"Enigma","Chloe","F","9","Cuevas","262.71302","paid","San Francisco-Oakland-Hayward, CA","1096","Knocking On Forbidden Doors","49"
"Dennis Ferrer","Chloe","F","10","Cuevas","209.162","paid","San Francisco-Oakland-Hayward, CA","1096","Hey Hey","49"
"Justin Bieber","Chloe","F","11","Cuevas","220.89098","paid","San Francisco-Oakland-Hayward, CA","1096","Somebody To Love","49"
"Markus KrunegÃÂ¥rd","Chloe","F","12","Cuevas","185.5473","paid","San Francisco-Oakland-Hayward, CA","1096","Genom tunna tyger","49"
"Linkin Park","Chloe","F","13","Cuevas","439.562","paid","San Francisco-Oakland-Hayward, CA","1096","The Little Things Give You Away [Live At Milton Keynes]","49"
"Jamie Cullum","Jahiem","M","0","Miles","204.25098","free","San Antonio-New Braunfels, TX","618","Devil May Care","43"
"Every Avenue","Chloe","F","15","Cuevas","219.95057","paid","San Francisco-Oakland-Hayward, CA","1096","Tell Me I'm A Wreck","49"
"Jack Johnson","Chloe","F","16","Cuevas","201.63873","paid","San Francisco-Oakland-Hayward, CA","1096","Constellations","49"
"Shakira","Chloe","F","17","Cuevas","233.87383","paid","San Francisco-Oakland-Hayward, CA","1096","Vuelve","49"
"The Maine","Chloe","F","18","Cuevas","189.59628","paid","San Francisco-Oakland-Hayward, CA","1096","Give Me Anything","49"
"Cannibal Corpse","Chloe","F","19","Cuevas","209.00526","paid","San Francisco-Oakland-Hayward, CA","1096","Worm Infested","49"
"Arcade Fire","Kinsley","F","3","Young","267.80689","paid","Red Bluff, CA","977","Headlights Look Like Diamonds","85"
"Black Eyed Peas","Chloe","F","20","Cuevas","215.7971","paid","San Francisco-Oakland-Hayward, CA","1096","Hands Up","49"
"Radney Foster","Kinsley","F","4","Young","288.96608","paid","Red Bluff, CA","977","Sweet And Wild","85"
"Metric","Chloe","F","21","Cuevas","222.85016","paid","San Francisco-Oakland-Hayward, CA","1096","Satellite Mind","49"
"Dwight Yoakam","Chloe","F","22","Cuevas","239.3073","paid","San Francisco-Oakland-Hayward, CA","1096","You're The One","49"
"Jason Mraz","Kinsley","F","5","Young","266.63138","paid","Red Bluff, CA","977","Did You Get My Message? (Live From Montalvo)","85"
"Kutt Calhoun","Chloe","F","23","Cuevas","307.51302","paid","San Francisco-Oakland-Hayward, CA","1096","N A Whitemanzeyez","49"
"Radiohead","Kinsley","F","6","Young","261.45914","paid","Red Bluff, CA","977","Karma Police","85"
"Molotov","Ava","F","0","Robinson","127.37261","free","New Haven-Milford, CT","1050","Puto","50"
"The Strokes","Ava","F","1","Robinson","230.1122","free","New Haven-Milford, CT","1050","Killing Lies","50"
"Rufus Wainwright","Ryan","M","0","Smith","249.62567","free","San Jose-Sunnyvale-Santa Clara, CA","1090","Hallelujah","26"
"Deadmau5","Kinsley","F","7","Young","374.20363","paid","Red Bluff, CA","977","Ghosts 'n' Stuff (Original Instrumental Mix)","85"
"John Farnham","Chloe","F","24","Cuevas","300.72118","paid","San Francisco-Oakland-Hayward, CA","1096","You're The Voice","49"
"Infant Sorrow","Ava","F","2","Robinson","170.16118","free","New Haven-Milford, CT","1050","Inside Of You","50"
"Betty Wright","Ryan","M","1","Smith","164.85832","free","San Jose-Sunnyvale-Santa Clara, CA","1090","Clean Up Woman (Single/LP Version)","26"
"Guus Meeuwis","Chloe","F","25","Cuevas","198.42567","paid","San Francisco-Oakland-Hayward, CA","1096","Tranen Gelachen","49"
"Muse","Kinsley","F","8","Young","209.00526","paid","Red Bluff, CA","977","The Small Print","85"
"Estrella Morente","Chloe","F","26","Cuevas","135.70567","paid","San Francisco-Oakland-Hayward, CA","1096","A QuÃÂ© Niegas El Delirio (MalagueÃÂ±a) (Live)","49"
"Dr. Alban","Kinsley","F","9","Young","240.14322","paid","Red Bluff, CA","977","It's My Life (Radio Edit)","85"
"Radiohead","Chloe","F","27","Cuevas","260.0224","paid","San Francisco-Oakland-Hayward, CA","1096","Sit Down. Stand Up","49"
"Mondo Marcio","Kinsley","F","10","Young","263.60118","paid","Red Bluff, CA","977","Purple Weed","85"
"Mae","Chloe","F","28","Cuevas","309.15873","paid","San Francisco-Oakland-Hayward, CA","1096","Someone Else's Arms","49"
"Meat Loaf / Jennifer Hudson","Kinsley","F","11","Young","474.01751","paid","Red Bluff, CA","977","The Future Ain't What It Used To Be","85"
"Vampire Weekend","Chloe","F","29","Cuevas","137.82159","paid","San Francisco-Oakland-Hayward, CA","1096","A-Punk (Album)","49"
"MGMT","Chloe","F","30","Cuevas","264.17587","paid","San Francisco-Oakland-Hayward, CA","1096","Time To Pretend","49"
"Federico Aubele","Kinsley","F","12","Young","213.65506","paid","Red Bluff, CA","977","Luna y Sol","85"
"Jesse Rose","Chloe","F","31","Cuevas","313.15546","paid","San Francisco-Oakland-Hayward, CA","1096","Touch My Horn","49"
"Orion","Kinsley","F","13","Young","292.70159","paid","Red Bluff, CA","977","Eternity","85"
"Circa Survive","Chloe","F","32","Cuevas","298.70975","paid","San Francisco-Oakland-Hayward, CA","1096","Dyed in the Wool (Album Version)","49"
"Wretch 32_ Vis","Jayden","M","0","Fox","243.35628","free","New Orleans-Metairie, LA","1060","Wretchrospective (feat. Vis)","101"
"Simian Mobile Disco","Kinsley","F","18","Young","354.61179","paid","Red Bluff, CA","977","Simple","85"
"ErdmÃÂ¶bel","Jayden","M","1","Fox","289.25342","free","New Orleans-Metairie, LA","1060","Riecht wie Teen Spirit (Smells Like Teen Spirit)","101"
"Eisbrecher","Chloe","F","33","Cuevas","241.89342","paid","San Francisco-Oakland-Hayward, CA","1096","Adrenalin","49"
"Ryan Bingham","Rylan","M","0","George","247.30077","paid","Birmingham-Hoover, AL","1076","Bread & Water","16"
"Ashanti","Kinsley","F","19","Young","282.46159","paid","Red Bluff, CA","977","VooDoo","85"
"Barry Tuckwell/Academy of St Martin-in-the-Fields/Sir Neville Marriner","Chloe","F","34","Cuevas","277.15873","paid","San Francisco-Oakland-Hayward, CA","1096","Horn Concerto No. 4 in E flat K495: II. Romance (Andante cantabile)","49"
"Clint Eastwood","Jayden","M","2","Fox","65.25342","free","New Orleans-Metairie, LA","1060","Frankie's Office","101"
"Charttraxx Karaoke","Jayden","M","3","Fox","225.17506","free","New Orleans-Metairie, LA","1060","Fireflies","101"
"Jason Mraz","Rylan","M","1","George","264.69832","paid","Birmingham-Hoover, AL","1076","Summer Breeze","16"
"The B-52's","Kinsley","F","20","Young","321.54077","paid","Red Bluff, CA","977","Love Shack","85"
"Aventura","Jayden","M","4","Fox","242.1024","free","New Orleans-Metairie, LA","1060","Alexandra","101"
"Five Iron Frenzy","Rylan","M","2","George","236.09424","paid","Birmingham-Hoover, AL","1076","Canada","16"
"12 Stones","Jayden","M","5","Fox","184.0322","free","New Orleans-Metairie, LA","1060","Anthem For The Underdog","101"
"Kings Of Leon","Kinsley","F","21","Young","201.79546","paid","Red Bluff, CA","977","Revelry","85"
"Brooklyn Bounce","Rylan","M","3","George","359.13098","paid","Birmingham-Hoover, AL","1076","Get Ready To Bounce Recall 08","16"
"Dashboard Confessional","Kinsley","F","22","Young","147.30404","paid","Red Bluff, CA","977","The Good Fight","85"
"Lonnie Johnson","Kinsley","F","23","Young","194.55955","paid","Red Bluff, CA","977","Low Land Moan","85"
"Leggo Beast","Mohammad","M","2","Rodriguez","376.58077","paid","Sacramento--Roseville--Arden-Arcade, CA","1097","In","88"
"The Pussycat Dolls","Rylan","M","4","George","190.95465","paid","Birmingham-Hoover, AL","1076","Sway","16"
"Stereophonics","Kinsley","F","24","Young","290.53342","paid","Red Bluff, CA","977","I Miss You Now","85"
"The Beautiful South","Rylan","M","5","George","236.5122","paid","Birmingham-Hoover, AL","1076","Masculine Eclipse","16"
"The Acacia Strain","Mohammad","M","3","Rodriguez","194.21995","paid","Sacramento--Roseville--Arden-Arcade, CA","1097","As If Set Afire","88"
"ATB","Kinsley","F","25","Young","251.48036","paid","Red Bluff, CA","977","Underwater World","85"
"The Robert Cray Band","Rylan","M","6","George","309.52444","paid","Birmingham-Hoover, AL","1076","Our Last Time","16"
"Enigma","Mohammad","M","4","Rodriguez","242.78159","paid","Sacramento--Roseville--Arden-Arcade, CA","1097","T.N.T. For The Brain (112 Bpm) (Radio Edit)","88"
"Amon Amarth","Kinsley","F","26","Young","268.2771","paid","Red Bluff, CA","977","Tattered Banners And Bloody Flags","85"
"We Are Scientists","Rylan","M","7","George","198.89587","paid","Birmingham-Hoover, AL","1076","The Great Escape (Album Version) (Explicit)","16"
"Roberto Murolo","Matthew","M","0","Jones","188.02893","paid","Janesville-Beloit, WI","1100","Lacreme napulitane","36"
"Ashlee Simpson","Mohammad","M","5","Rodriguez","214.43873","paid","Sacramento--Roseville--Arden-Arcade, CA","1097","Autobiography","88"
"Metallica","Kinsley","F","27","Young","152.60689","paid","Red Bluff, CA","977","The Ecstasy Of Gold","85"
"3 Doors Down","Rylan","M","8","George","233.74322","paid","Birmingham-Hoover, AL","1076","Kryptonite","16"
"Hazell Dean","Matthew","M","1","Jones","367.98649","paid","Janesville-Beloit, WI","1100","No Fool (For Love)","36"
"Apocalyptica","Kinsley","F","28","Young","262.5824","paid","Red Bluff, CA","977","Pray","85"
"Jack Johnson","Rylan","M","9","George","236.93016","paid","Birmingham-Hoover, AL","1076","Bubble Toes","16"
"Cage The Elephant","Kinsley","F","29","Young","196.38812","paid","Red Bluff, CA","977","Lotus","85"
"Taylor Swift","Matthew","M","2","Jones","230.47791","paid","Janesville-Beloit, WI","1100","You Belong With Me","36"
"Soul For Real","Rylan","M","10","George","271.25506","paid","Birmingham-Hoover, AL","1076","Candy Rain","16"
"The Prodigy","Kinsley","F","30","Young","225.09669","paid","Red Bluff, CA","977","Firestarter","85"
"Amy Winehouse","Matthew","M","3","Jones","165.11955","paid","Janesville-Beloit, WI","1100","Addicted","36"
"Iron Maiden","Rylan","M","11","George","275.19955","paid","Birmingham-Hoover, AL","1076","The Evil That Men Do (1998 Digital Remaster)","16"
"David Crowder*Band","Kinsley","F","31","Young","276.74077","paid","Red Bluff, CA","977","All Around Me","85"
"The Cinematic Orchestra","Rylan","M","12","George","622.2624","paid","Birmingham-Hoover, AL","1076","Everyday","16"
"Three 6 Mafia vs. TiÃÂ«sto with Sean Kingston and Flo Rida","Kinsley","F","32","Young","241.05751","paid","Red Bluff, CA","977","Feel It","85"
"Sugababes","Kinsley","F","33","Young","275.93098","paid","Red Bluff, CA","977","Overload","85"
"Gyptian","Rylan","M","13","George","233.09016","paid","Birmingham-Hoover, AL","1076","Hold You","16"
"Zion / Akon","Rylan","M","14","George","233.19465","paid","Birmingham-Hoover, AL","1076","The Way She Moves","16"
"Transvision Vamp","Rylan","M","15","George","209.91955","paid","Birmingham-Hoover, AL","1076","I Want Your Love","16"
"Ry Cooder","Chloe","F","37","Cuevas","201.56036","paid","San Francisco-Oakland-Hayward, CA","1096","Corrido de Boxeo","49"
"The Pussycat Dolls","Rylan","M","16","George","245.18485","paid","Birmingham-Hoover, AL","1076","When I Grow Up","16"
"Coldplay","Chloe","F","38","Cuevas","268.30322","paid","San Francisco-Oakland-Hayward, CA","1096","Yellow","49"
"Forever The Sickest Kids","Rylan","M","17","George","169.482","paid","Birmingham-Hoover, AL","1076","She Likes (Bittersweet Love)","16"
"Lil Wayne / Blaque / Mannie Fresh","Chloe","F","39","Cuevas","255.34649","paid","San Francisco-Oakland-Hayward, CA","1096","Believe That","49"
"Dragonforce","Rylan","M","18","George","441.02485","paid","Birmingham-Hoover, AL","1076","Through The Fire And Flames (Album Version)","16"
"Jason Mraz & Colbie Caillat","Chloe","F","40","Cuevas","189.6224","paid","San Francisco-Oakland-Hayward, CA","1096","Lucky (Album Version)","49"
"Pixies","Chloe","F","41","Cuevas","181.13261","paid","San Francisco-Oakland-Hayward, CA","1096","Is She Weird","49"
"Eminem","Rylan","M","19","George","251.55873","paid","Birmingham-Hoover, AL","1076","Without Me","16"
"Buju Banton","Chloe","F","42","Cuevas","232.48934","paid","San Francisco-Oakland-Hayward, CA","1096","Cry No More","49"
"Cage The Elephant","Rylan","M","20","George","196.38812","paid","Birmingham-Hoover, AL","1076","Lotus","16"
"Barry Tuckwell/Academy of St Martin-in-the-Fields/Sir Neville Marriner","Chloe","F","43","Cuevas","277.15873","paid","San Francisco-Oakland-Hayward, CA","1096","Horn Concerto No. 4 in E flat K495: II. Romance (Andante cantabile)","49"
"Ste Strausz","Rylan","M","21","George","285.36118","paid","Birmingham-Hoover, AL","1076","Le Million","16"
"Coldplay","Chloe","F","44","Cuevas","228.62322","paid","San Francisco-Oakland-Hayward, CA","1096","Only Superstition","49"
"Joe Christmas","Chloe","F","0","Roth","185.7824","free","Indianapolis-Carmel-Anderson, IN","1059","Bedroom Suite","78"
"Bright Eyes","Rylan","M","22","George","313.23383","paid","Birmingham-Hoover, AL","1076","A New Arrangement","16"
"Paramore","Chloe","F","1","Roth","267.65016","free","Indianapolis-Carmel-Anderson, IN","1059","The Only Exception (Album Version)","78"
"J. Karjalainen & Mustat Lasit","Chloe","F","45","Cuevas","336.74404","paid","San Francisco-Oakland-Hayward, CA","1096","Sinisten tÃÂ¤htien alla","49"
"Philip Glass","Rylan","M","23","George","368.40444","paid","Birmingham-Hoover, AL","1076","Knee 2","16"
"Alliance Ethnik","Chloe","F","46","Cuevas","195.94404","paid","San Francisco-Oakland-Hayward, CA","1096","SinceritÃÂ© Et Jalousie","49"
"Mew","Rylan","M","24","George","167.75791","paid","Birmingham-Hoover, AL","1076","Her Voice Is Beyond Her Years","16"
"Ive Mendes","Rylan","M","25","George","238.94159","paid","Birmingham-Hoover, AL","1076","If You Leave Me Now","16"
"Alliance Ethnik","Bronson","M","1","Harris","195.94404","free","Eugene, OR","1026","SinceritÃÂ© Et Jalousie","33"
"the bird and the bee","Rylan","M","26","George","193.802","paid","Birmingham-Hoover, AL","1076","Diamond Dave","16"
"Common / Sadat X","Bronson","M","2","Harris","256.20853","free","Eugene, OR","1026","1999","33"
"Alanis Morissette","Rylan","M","27","George","245.15873","paid","Birmingham-Hoover, AL","1076","King Of Pain (Live/Unplugged Version)","16"
"Skillet","Bronson","M","7","Harris","233.32526","free","Eugene, OR","1026","Rebirthing (Album Version)","33"
"James Galway;Julian Lee","Rylan","M","28","George","218.67057","paid","Birmingham-Hoover, AL","1076","Beauty and the Beast","16"
"Drop Dead_ Gorgeous","Rylan","M","29","George","156.70812","paid","Birmingham-Hoover, AL","1076","Dressed For Friend Requests (Album Version)","16"
"Dwight Yoakam","Rylan","M","30","George","239.3073","paid","Birmingham-Hoover, AL","1076","You're The One","16"
"Trouble","Rylan","M","31","George","205.11302","paid","Birmingham-Hoover, AL","1076","Tuesday's Child","16"
"OneRepublic","Rylan","M","33","George","237.97506","paid","Birmingham-Hoover, AL","1076","All The Right Moves","16"
"Switchblade Symphony","Rylan","M","34","George","259.5522","paid","Birmingham-Hoover, AL","1076","Wicked","16"
"Sharooz","Rylan","M","35","George","234.05669","paid","Birmingham-Hoover, AL","1076","My Distressor 40Khz ReRub Mix","16"
"Explosions In The Sky","Rylan","M","36","George","522.9971","paid","Birmingham-Hoover, AL","1076","Six Days At The Bottom Of The Ocean","16"
"Emmylou Harris","Chloe","F","1","Cuevas","194.63791","paid","San Francisco-Oakland-Hayward, CA","1114","Little Bird","49"
"Jack Johnson","Chloe","F","2","Cuevas","153.67791","paid","San Francisco-Oakland-Hayward, CA","1114","The Horizon Has Been Defeated","49"
"Radiohead","Rylan","M","37","George","249.93914","paid","Birmingham-Hoover, AL","1076","Everything In Its Right Place","16"
"Andrew Bird","Chloe","F","3","Cuevas","215.87546","paid","San Francisco-Oakland-Hayward, CA","1114","Heretics","49"
"Metallica","Rylan","M","38","George","380.21179","paid","Birmingham-Hoover, AL","1076","Sabbra Cadabra","16"
"Lonnie Gordon","Chloe","F","4","Cuevas","181.21098","paid","San Francisco-Oakland-Hayward, CA","1114","Catch You Baby (Steve Pitron & Max Sanna Radio Edit)","49"
"Dropkick Murphys","Chloe","F","5","Cuevas","167.73179","paid","San Francisco-Oakland-Hayward, CA","1114","Shattered","49"
"Eric B. & Rakim","Rylan","M","39","George","240.32608","paid","Birmingham-Hoover, AL","1076","As The Rhyme Goes On","16"
"Dierks Bentley","Chloe","F","6","Cuevas","223.242","paid","San Francisco-Oakland-Hayward, CA","1114","Settle For A Slowdown","49"
"Regina Spektor","Rylan","M","40","George","290.14159","paid","Birmingham-Hoover, AL","1076","Daniel Cowman","16"
"Angelspit","Chloe","F","7","Cuevas","241.94567","paid","San Francisco-Oakland-Hayward, CA","1114","Make You Sin","49"
"Young Gunz / Beanie Sigel","Chloe","F","8","Cuevas","292.44036","paid","San Francisco-Oakland-Hayward, CA","1114","Roc U","49"
"DJ Dizzy","Rylan","M","41","George","221.1522","paid","Birmingham-Hoover, AL","1076","Sexy Bitch","16"
"Base Ball Bear","Rylan","M","42","George","255.60771","paid","Birmingham-Hoover, AL","1076","Sayonara-Nostalgia","16"
"Morcheeba","Chloe","F","9","Cuevas","101.95546","paid","San Francisco-Oakland-Hayward, CA","1114","In The Hands Of The Gods (Featuring Biz Markie)","49"
"Bitter:Sweet","Chloe","F","10","Cuevas","194.16771","paid","San Francisco-Oakland-Hayward, CA","1114","Don't Forget To Breathe","49"
"Basshunter Feat. DJ Mental Theos Bazzheadz","Rylan","M","43","George","152.65914","paid","Birmingham-Hoover, AL","1076","Now You're Gone","16"
"BjÃÂ¶rk","Chloe","F","11","Cuevas","348.57751","paid","San Francisco-Oakland-Hayward, CA","1114","Undo","49"
"Rihanna","Rylan","M","44","George","239.75138","paid","Birmingham-Hoover, AL","1076","G4L","16"
"Evanescence","Rylan","M","45","George","220.3424","paid","Birmingham-Hoover, AL","1076","Hello","16"
"Mr. Vegas","Chloe","F","12","Cuevas","240.69179","paid","San Francisco-Oakland-Hayward, CA","1114","Tamale","49"
"Mischa Daniels","Rylan","M","46","George","419.81342","paid","Birmingham-Hoover, AL","1076","Another Place","16"
"The Menzingers","Chloe","F","13","Cuevas","276.00934","paid","San Francisco-Oakland-Hayward, CA","1114","Straight To Hell","49"
"Justin Timberlake","Chloe","F","14","Cuevas","288.93995","paid","San Francisco-Oakland-Hayward, CA","1114","Cry Me A River","49"
"Vilma Palma e Vampiros","Rylan","M","47","George","338.18077","paid","Birmingham-Hoover, AL","1076","Un Camino Hasta Vos","16"
"CCCP - Fedeli Alla Linea","Chloe","F","15","Cuevas","329.66485","paid","San Francisco-Oakland-Hayward, CA","1114","Sura (2008 Digital Remaster)","49"
"Kid Cudi / MGMT / Ratatat","Rylan","M","48","George","295.67955","paid","Birmingham-Hoover, AL","1076","Pursuit Of Happiness (nightmare)","16"
"Drake / Kanye West / Lil Wayne / Eminem","Chloe","F","16","Cuevas","357.66812","paid","San Francisco-Oakland-Hayward, CA","1114","Forever","49"
"A Day To Remember","Rylan","M","49","George","247.64036","paid","Birmingham-Hoover, AL","1076","Homesick [Acoustic]","16"
"T.I.","Jayden","M","0","Bell","299.75465","free","Dallas-Fort Worth-Arlington, TX","1085","Dead And Gone [feat. Justin Timberlake] (Explicit Album Version)","91"
"The Offspring","Rylan","M","50","George","163.3171","paid","Birmingham-Hoover, AL","1076","It'll Be a Long Time (Album Version)","16"
"Jorge Gonzalez","Chloe","F","17","Cuevas","272.14322","paid","San Francisco-Oakland-Hayward, CA","1114","Esta Es Para Hacerte FÃÂ©liz","49"
"Sneaker Pimps","Jayden","M","1","Bell","260.91057","free","Dallas-Fort Worth-Arlington, TX","1085","Spin Spin Sugar","91"
"Escape The Fate","Rylan","M","51","George","266.73587","paid","Birmingham-Hoover, AL","1076","This War Is Ours (The Guillotine II)","16"
"Juanes","Chloe","F","18","Cuevas","243.27791","paid","San Francisco-Oakland-Hayward, CA","1114","La Vida Es Un Ratico","49"
"The Replacements","Rylan","M","52","George","170.57914","paid","Birmingham-Hoover, AL","1076","Never Mind","16"
"Sarah McLachlan","Chloe","F","19","Cuevas","278.90893","paid","San Francisco-Oakland-Hayward, CA","1114","Possession","49"
"Sonny Boy Williamson","Rylan","M","53","George","152.24118","paid","Birmingham-Hoover, AL","1076","Don't Start Me Talkin'","16"
"Soul II Soul Featuring Caron Wheeler","Rylan","M","54","George","225.2273","paid","Birmingham-Hoover, AL","1076","Back To Life (However Do You Want Me) (2003 Digital Remaster) (Feat. Caron Wheeler)","16"
"Florence + The Machine","Chloe","F","20","Cuevas","219.66322","paid","San Francisco-Oakland-Hayward, CA","1114","Dog Days Are Over (Radio Edit)","49"
"Pantera","Rylan","M","55","George","286.69342","paid","Birmingham-Hoover, AL","1076","Heresy  (LP Version)","16"
"Cold","Chloe","F","21","Cuevas","177.76281","paid","San Francisco-Oakland-Hayward, CA","1114","Remedy","49"
"Norther","Chloe","F","22","Cuevas","246.54322","paid","San Francisco-Oakland-Hayward, CA","1114","Frozen Angel","49"
"Foo Fighters","Rylan","M","57","George","271.38567","paid","Birmingham-Hoover, AL","1076","The Pretender","16"
"Timbiriche","Rylan","M","58","George","202.60526","paid","Birmingham-Hoover, AL","1076","Besos De Ceniza","16"
"A Perfect Circle","Rylan","M","59","George","206.05342","paid","Birmingham-Hoover, AL","1076","Rose","16"
"Anberlin","Rylan","M","60","George","348.682","paid","Birmingham-Hoover, AL","1076","The Haunting","16"
"Deas Vail","Elijah","M","0","Davis","237.68771","free","Detroit-Warren-Dearborn, MI","985","Anything You Say (Unreleased Version)","5"
"N.E.R.D. FEATURING MALICE","Jayden","M","0","Fox","288.9922","free","New Orleans-Metairie, LA","184","Am I High (Feat. Malice)","101"
"Death Cab for Cutie","Stefany","F","1","White","216.42404","free","Lubbock, TX","82","A Lack Of Color (Album Version)","83"
"Tracy Gang Pussy","Stefany","F","2","White","221.33506","free","Lubbock, TX","82","I Have A Wish","83"
"Skillet","Kevin","M","0","Arellano","178.02404","free","Harrisburg-Carlisle, PA","153","Monster (Album Version)","66"
"Dance Gavin Dance","Marina","F","0","Sutton","218.46159","free","Salinas, CA","47","Uneasy Hearts Weigh The Most","48"
"Dalto","Aiden","M","1","Hess","190.40608","free","La Crosse-Onalaska, WI-MN","170","Falta Te Dizer","86"
"Kanye West","Makinley","F","0","Jones","278.88281","free","Chicago-Naperville-Elgin, IL-IN-WI","118","Family Business","17"
"Jason Mraz & Colbie Caillat","Kevin","M","0","Arellano","189.6224","free","Harrisburg-Carlisle, PA","187","Lucky (Album Version)","66"
"Liz Callaway","Lily","F","0","Koch","175.43791","paid","Chicago-Naperville-Elgin, IL-IN-WI","172","Journey To The Past  (LP Version)","15"
"The Decemberists","Lily","F","1","Koch","242.59873","paid","Chicago-Naperville-Elgin, IL-IN-WI","172","Everything I Try to Do_ Nothing Seems to Turn Out Right","15"
"Christina Aguilera","Lily","F","2","Koch","254.48444","paid","Chicago-Naperville-Elgin, IL-IN-WI","172","Impossible","15"
"OneRepublic","Lily","F","3","Koch","224.67873","paid","Chicago-Naperville-Elgin, IL-IN-WI","172","Secrets","15"
"Cat Stevens","Kynnedi","F","1","Sanchez","200.202","free","Cedar Rapids, IA","88","Wild World","89"
"Brett Dennen","Lily","F","4","Koch","179.66975","paid","Chicago-Naperville-Elgin, IL-IN-WI","172","World Keeps Turning","15"
"Godsmack","Lily","F","5","Koch","208.24771","paid","Chicago-Naperville-Elgin, IL-IN-WI","172","Greed","15"
"Anis","Lily","F","6","Koch","246.59546","paid","Chicago-Naperville-Elgin, IL-IN-WI","172","Swing Javanaise","15"
"Tiziano Ferro","Lily","F","7","Koch","251.42812","paid","Chicago-Naperville-Elgin, IL-IN-WI","172","Ed Ero Contentissimo","15"
"Kylie Auldist","Lily","F","8","Koch","265.92608","paid","Chicago-Naperville-Elgin, IL-IN-WI","172","Ship Inside A Bottle","15"
"Benga","Lily","F","9","Koch","286.17098","paid","Chicago-Naperville-Elgin, IL-IN-WI","172","The Cut","15"
"T. Rex","Lily","F","10","Koch","132.85832","paid","Chicago-Naperville-Elgin, IL-IN-WI","172","Ride A White Swan","15"
"Mexican Institute of Sound","Lily","F","11","Koch","278.04689","paid","Chicago-Naperville-Elgin, IL-IN-WI","172","Mirando a Las Muchachas","15"
"Velour 100","Lily","F","12","Koch","202.29179","paid","Chicago-Naperville-Elgin, IL-IN-WI","172","Clouds (Of Color Bright Album Version)","15"
"Maria de Barros","Lily","F","13","Koch","276.29669","paid","Chicago-Naperville-Elgin, IL-IN-WI","172","Riberonzinha","15"
"Toby Keith","Lily","F","14","Koch","177.162","paid","Chicago-Naperville-Elgin, IL-IN-WI","172","Big Blue Note","15"
"Marques Houston","Lily","F","15","Koch","264.98567","paid","Chicago-Naperville-Elgin, IL-IN-WI","172","Naked","15"
"Commit Suicide","Lily","F","16","Koch","105.482","paid","Chicago-Naperville-Elgin, IL-IN-WI","172","In All This Revelation","15"
"Smile Empty Soul","Lily","F","17","Koch","218.61832","paid","Chicago-Naperville-Elgin, IL-IN-WI","172","Bottom of a Bottle (Explicit Album Version)","15"
"Amy Winehouse","Lily","F","18","Koch","221.1522","paid","Chicago-Naperville-Elgin, IL-IN-WI","172","Wake Up Alone","15"
"Eyehategod","Lily","F","19","Koch","155.66322","paid","Chicago-Naperville-Elgin, IL-IN-WI","172","Sisterfucker (part Ii)","15"
"Sunidhi Chauhan / Anu Malik / Jatin Sharma","Lily","F","20","Koch","319.32036","paid","Chicago-Naperville-Elgin, IL-IN-WI","172","Dekh Le","15"
"Blondie","Lily","F","21","Koch","127.73832","paid","Chicago-Naperville-Elgin, IL-IN-WI","172","Little Girl Lies (2001 Digital Remaster)","15"
"She & Him","Lily","F","23","Koch","167.83628","paid","Chicago-Naperville-Elgin, IL-IN-WI","172","Got Me","15"
"The Black Keys","Lily","F","24","Koch","294.76526","paid","Chicago-Naperville-Elgin, IL-IN-WI","172","The Lengths","15"
"Survivor","Lily","F","25","Koch","245.36771","paid","Chicago-Naperville-Elgin, IL-IN-WI","172","Eye Of The Tiger","15"
"Conya Doss","Lily","F","26","Koch","317.98812","paid","Chicago-Naperville-Elgin, IL-IN-WI","172","I Miss You","15"
"Disney Studio Chorus","Lily","F","28","Koch","234.84036","paid","Chicago-Naperville-Elgin, IL-IN-WI","172","Little April Shower","15"
"Dirty Projectors","Lily","F","29","Koch","319.63383","paid","Chicago-Naperville-Elgin, IL-IN-WI","172","Stillness Is The Move","15"
"Boom Bip","Lily","F","30","Koch","330.16118","paid","Chicago-Naperville-Elgin, IL-IN-WI","172","From Left To Right","15"
"Avantasia","Lily","F","31","Koch","368.97914","paid","Chicago-Naperville-Elgin, IL-IN-WI","172","Shelter From The Rain","15"
"Amon Amarth","Lily","F","32","Koch","312.29342","paid","Chicago-Naperville-Elgin, IL-IN-WI","172","North Sea Storm (Live)","15"
"Young Money featuring Lloyd","Lily","F","33","Koch","196.33587","paid","Chicago-Naperville-Elgin, IL-IN-WI","172","BedRock (Radio Edit) (feat.Lloyd)","15"
"Breakbeat Era","Lily","F","34","Koch","326.32118","paid","Chicago-Naperville-Elgin, IL-IN-WI","172","Anti-Everything","15"
"Local Natives","Lily","F","35","Koch","237.92281","paid","Chicago-Naperville-Elgin, IL-IN-WI","172","Airplanes","15"
"Gabriella Cilmi","Lily","F","36","Koch","207.38567","paid","Chicago-Naperville-Elgin, IL-IN-WI","172","Awkward Game","15"
"Minus The Bear","Tegan","F","1","Levine","219.76771","free","Portland-South Portland, ME","165","Knights","80"
"Calle 13 Featuring CafÃÂ© Tacuba","Lily","F","37","Koch","293.32853","paid","Chicago-Naperville-Elgin, IL-IN-WI","172","No Hay Nadie Como TÃÂº","15"
"Frumpies","Aleena","F","0","Kirby","134.47791","paid","Waterloo-Cedar Falls, IA","157","Fuck Kitty","44"
"D-12","Aleena","F","1","Kirby","261.40689","paid","Waterloo-Cedar Falls, IA","157","Barbershop","44"
"Emil Gilels/Orchestre de la SociÃÂ©tÃÂ© des Concerts du Conservatoire/AndrÃÂ© Cluytens","Tegan","F","2","Levine","375.19628","free","Portland-South Portland, ME","165","Piano Concerto No. 2 in G minor Op. 22 (2006 Digital Remaster): III.  Presto","80"
"Dragonette","Lily","F","38","Koch","246.49098","paid","Chicago-Naperville-Elgin, IL-IN-WI","172","Fixin to Thrill","15"
"Pennywise","Mohammad","M","0","Rodriguez","188.26404","free","Sacramento--Roseville--Arden-Arcade, CA","87","The Western World","88"
"Kanye West","Aleena","F","2","Kirby","238.52363","paid","Waterloo-Cedar Falls, IA","157","Flashing Lights","44"
"Flash And The Pan","Lily","F","39","Koch","224.65261","paid","Chicago-Naperville-Elgin, IL-IN-WI","172","Waiting for a Train [Single Mix]","15"
"Washed Out","Tegan","F","3","Levine","168.6722","free","Portland-South Portland, ME","165","New Theory","80"
"Katy Perry","Aleena","F","3","Kirby","179.40853","paid","Waterloo-Cedar Falls, IA","157","I Kissed A Girl","44"
"AFI","Lily","F","40","Koch","198.97424","paid","Chicago-Naperville-Elgin, IL-IN-WI","172","Miss Murder","15"
"Drake / Kanye West / Lil Wayne / Eminem","Aleena","F","4","Kirby","357.66812","paid","Waterloo-Cedar Falls, IA","157","Forever","44"
"The Crests","Lily","F","41","Koch","182.88281","paid","Chicago-Naperville-Elgin, IL-IN-WI","172","16 Candles","15"
"Nirvana","Lily","F","42","Koch","219.08853","paid","Chicago-Naperville-Elgin, IL-IN-WI","172","Come As You Are","15"
"Knights Of The Abyss","Aleena","F","5","Kirby","205.66159","paid","Waterloo-Cedar Falls, IA","157","Dragon Pie","44"
"Binary Star","Lily","F","43","Koch","300.19873","paid","Chicago-Naperville-Elgin, IL-IN-WI","172","Honest Expression","15"
"Nada Surf","Aleena","F","6","Kirby","181.08036","paid","Waterloo-Cedar Falls, IA","157","Whose Authority","44"
"Blank & Jones","Aleena","F","7","Kirby","310.15138","paid","Waterloo-Cedar Falls, IA","157","Beyond Time (Ambient Mix)","44"
"Carnifex","Lily","F","44","Koch","219.89832","paid","Chicago-Naperville-Elgin, IL-IN-WI","172","By Darkness Enslaved","15"
"Bono / Secret Machines","Lily","F","45","Koch","285.43955","paid","Chicago-Naperville-Elgin, IL-IN-WI","172","I Am The Walrus","15"
"Broadcast 2000","Aleena","F","8","Kirby","198.84363","paid","Waterloo-Cedar Falls, IA","157","The View","44"
"Pixies","Aleena","F","9","Kirby","229.3024","paid","Waterloo-Cedar Falls, IA","157","Where Is My Mind?","44"
"Kings Of Leon","Lily","F","46","Koch","242.99057","paid","Chicago-Naperville-Elgin, IL-IN-WI","172","Holy Roller Novocaine","15"
"Arctic Monkeys","Aleena","F","10","Kirby","221.85751","paid","Waterloo-Cedar Falls, IA","157","You Know I'm No Good","44"
"Alliance Ethnik","Lily","F","47","Koch","252.21179","paid","Chicago-Naperville-Elgin, IL-IN-WI","172","ReprÃÂ©sente","15"
"Apocalyptica","Chloe","F","0","Cuevas","409.86077","free","San Francisco-Oakland-Hayward, CA","179","Coma","49"
"Big Tymers","Aleena","F","11","Kirby","256.15628","paid","Waterloo-Cedar Falls, IA","157","Lil Mama","44"
"Pat Green","Lily","F","48","Koch","295.33995","paid","Chicago-Naperville-Elgin, IL-IN-WI","172","Whiskey","15"
"Daughtry","Aleena","F","12","Kirby","249.91302","paid","Waterloo-Cedar Falls, IA","157","No Surprise","44"
"Air","Chloe","F","1","Cuevas","212.21832","free","San Francisco-Oakland-Hayward, CA","179","Playground Love","49"
"Sam Cooke","Lily","F","49","Koch","122.04363","paid","Chicago-Naperville-Elgin, IL-IN-WI","172","Ain't Misbehavin","15"
"Live","Aleena","F","13","Kirby","203.28444","paid","Waterloo-Cedar Falls, IA","157","Deep Enough","44"
"Everclear","Lily","F","50","Koch","222.61506","paid","Chicago-Naperville-Elgin, IL-IN-WI","172","Summerland","15"
"Alison Krauss / Union Station","Aleena","F","14","Kirby","129.67138","paid","Waterloo-Cedar Falls, IA","157","Down To The River To Pray","44"
"The All-American Rejects","Lily","F","51","Koch","239.22893","paid","Chicago-Naperville-Elgin, IL-IN-WI","172","Move Along","15"
"Covenant","Aleena","F","15","Kirby","300.19873","paid","Waterloo-Cedar Falls, IA","157","XRDS","44"
"You Me At Six","Aiden","M","0","Hess","191.13751","free","La Crosse-Onalaska, WI-MN","189","Liquid Confidence","86"
"Motion City Soundtrack","Lily","F","52","Koch","206.34077","paid","Chicago-Naperville-Elgin, IL-IN-WI","172","Everything Is Alright (Album Version)","15"
"FM Static","Lily","F","53","Koch","169.84771","paid","Chicago-Naperville-Elgin, IL-IN-WI","172","Something To Believe In","15"
"Dave Gahan","Lily","F","54","Koch","272.92689","paid","Chicago-Naperville-Elgin, IL-IN-WI","172","Kingdom","15"
"Metallica","Lily","F","55","Koch","319.73832","paid","Chicago-Naperville-Elgin, IL-IN-WI","172","Mama Said","15"
"Dr. Hook","Lily","F","56","Koch","229.77261","paid","Chicago-Naperville-Elgin, IL-IN-WI","172","Sylvia's Mother","15"
"Gotan Project","Lily","F","57","Koch","321.30567","paid","Chicago-Naperville-Elgin, IL-IN-WI","172","Diferente","15"
"Carrie Underwood","Lily","F","58","Koch","221.3873","paid","Chicago-Naperville-Elgin, IL-IN-WI","172","Play On","15"
"Ut","Lily","F","59","Koch","313.86077","paid","Chicago-Naperville-Elgin, IL-IN-WI","172","I.D.","15"
"Lil Wayne / Eminem","Lily","F","60","Koch","229.58975","paid","Chicago-Naperville-Elgin, IL-IN-WI","172","Drop The World","15"
"Damage","Lily","F","61","Koch","263.18322","paid","Chicago-Naperville-Elgin, IL-IN-WI","172","For Your Pleasure","15"
"Rionegro / SolimÃÂµes","Lily","F","62","Koch","280.92036","paid","Chicago-Naperville-Elgin, IL-IN-WI","172","De SÃÂ£o Paulo ÃÂ BelÃÂ©m","15"
"Drive-By Truckers","Lily","F","63","Koch","246.22975","paid","Chicago-Naperville-Elgin, IL-IN-WI","172","Outfit","15"
"Tweet","Lily","F","64","Koch","256.39138","paid","Chicago-Naperville-Elgin, IL-IN-WI","172","Smoking Cigarettes (LP Version)","15"
"Ben Folds Five","Lily","F","65","Koch","207.882","paid","Chicago-Naperville-Elgin, IL-IN-WI","172","Steven's Last Night In Town","15"
"Glen Hansard","Lily","F","66","Koch","239.59465","paid","Chicago-Naperville-Elgin, IL-IN-WI","172","Lies","15"
"Chevelle","Adler","M","0","Barrera","389.85098","free","New York-Newark-Jersey City, NY-NJ-PA","174","Dos (LP Version)","100"
"Bill Withers","Lily","F","67","Koch","383.73832","paid","Chicago-Naperville-Elgin, IL-IN-WI","172","Make Love To Your Mind","15"
"Jorge Drexler","Adler","M","1","Barrera","272.14322","free","New York-Newark-Jersey City, NY-NJ-PA","174","Salvapantallas","100"
"Michael Bolton","Lily","F","68","Koch","255.65995","paid","Chicago-Naperville-Elgin, IL-IN-WI","172","How Am I Supposed To Live Without You","15"
"The Mercury Program","Adler","M","2","Barrera","449.12281","free","New York-Newark-Jersey City, NY-NJ-PA","174","Marianas","100"
"Duran Duran","Lily","F","69","Koch","321.88036","paid","Chicago-Naperville-Elgin, IL-IN-WI","172","The Seventh Stranger","15"
"Little Boots","Lily","F","70","Koch","195.94404","paid","Chicago-Naperville-Elgin, IL-IN-WI","172","Meddle","15"
"Johnossi","Lily","F","71","Koch","174.2624","paid","Chicago-Naperville-Elgin, IL-IN-WI","172","Glory Days To Come","15"
"BjÃÂ¶rk","Lily","F","72","Koch","348.57751","paid","Chicago-Naperville-Elgin, IL-IN-WI","172","Undo","15"
"Black Eyed Peas","Lily","F","73","Koch","226.37669","paid","Chicago-Naperville-Elgin, IL-IN-WI","172","Hey Mama","15"
"DecembeRadio","Lily","F","74","Koch","249.62567","paid","Chicago-Naperville-Elgin, IL-IN-WI","172","Find You Waiting","15"
"Bonobo","Lily","F","75","Koch","270.41914","paid","Chicago-Naperville-Elgin, IL-IN-WI","172","1009","15"
"Five Iron Frenzy","Tegan","F","1","Levine","236.09424","free","Portland-South Portland, ME","194","Canada","80"
"Morcheeba","Tegan","F","2","Levine","347.71546","free","Portland-South Portland, ME","194","The Sea","80"
"The Avett Brothers","Tegan","F","3","Levine","307.9571","free","Portland-South Portland, ME","194","All My Mistakes (US4BW0700133)","80"
"Dave Darell","Aiden","M","0","Hess","217.33832","free","La Crosse-Onalaska, WI-MN","197","Children","86"
"Priestess","Ryan","M","1","Smith","190.45832","free","San Jose-Sunnyvale-Santa Clara, CA","183","Talk To Her","26"
"Arcade Fire","Ryan","M","2","Smith","169.19465","free","San Jose-Sunnyvale-Santa Clara, CA","183","I'm Sleeping In A Submarine","26"
"Daft Punk","Ryan","M","3","Smith","211.69587","free","San Jose-Sunnyvale-Santa Clara, CA","183","Crescendolls","26"
"Nickel Creek","Ryan","M","4","Smith","255.13751","free","San Jose-Sunnyvale-Santa Clara, CA","183","When In Rome","26"
"Squeeze","Ryan","M","5","Smith","229.56363","free","San Jose-Sunnyvale-Santa Clara, CA","183","Footprints","26"
"Creedence Clearwater Revival","Samuel","M","0","Gonzalez","175.80363","free","Houston-The Woodlands-Sugar Land, TX","60","Sweet Hitch-Hiker","61"
"Kierra Sheard","Samuel","M","1","Gonzalez","299.02322","free","Houston-The Woodlands-Sugar Land, TX","60","Love Like Crazy (Extended Mix)","61"
"Greg Laswell","Mohammad","M","1","Rodriguez","251.08853","free","Sacramento--Roseville--Arden-Arcade, CA","193","Comes And Goes ( In Waves )","88"
"Pavement","Mohammad","M","3","Rodriguez","99.16036","free","Sacramento--Roseville--Arden-Arcade, CA","193","Mercy:The Laundromat","88"
"Sixx A.M.","Mohammad","M","4","Rodriguez","280.58077","free","Sacramento--Roseville--Arden-Arcade, CA","193","Courtesy Call (Explicit)","88"
"Leonard Cohen","Mohammad","M","5","Rodriguez","267.67628","free","Sacramento--Roseville--Arden-Arcade, CA","193","I'm Your Man","88"
"The Tallest Man On Earth","Joseph","M","0","Gutierrez","203.62404","free","Columbia, SC","167","The Wild Hunt","75"
"My Chemical Romance","Joseph","M","1","Gutierrez","161.90649","free","Columbia, SC","167","Teenagers (Album Version)","75"
"Wendy Rene","Joseph","M","2","Gutierrez","182.46485","free","Columbia, SC","167","After Laughter (Comes Tears) (LP Version)","75"
"Jack Johnson / Paula Fuga","Joseph","M","3","Gutierrez","178.33751","free","Columbia, SC","167","Country Road","75"
"Tub Ring","Joseph","M","4","Gutierrez","233.69098","free","Columbia, SC","167","Invalid","75"
"No Doubt","Mohammad","M","0","Rodriguez","44.93016","free","Sacramento--Roseville--Arden-Arcade, CA","205","BND","88"
"Katy Perry","Mohammad","M","1","Rodriguez","179.40853","free","Sacramento--Roseville--Arden-Arcade, CA","205","I Kissed A Girl","88"
"Neutral Milk Hotel","Joseph","M","5","Gutierrez","248.37179","free","Columbia, SC","167","Ghost","75"
"Dwight Yoakam","Ava","F","0","Robinson","239.3073","free","New Haven-Milford, CT","156","You're The One","50"
"Ella Fitzgerald","Joseph","M","6","Gutierrez","427.15383","free","Columbia, SC","167","On Green Dolphin Street (Medley) (1999 Digital Remaster)","75"
"Tony Rohr","Ava","F","1","Robinson","403.09506","free","New Haven-Milford, CT","156","Van Comp","50"
"Braid","Joseph","M","7","Gutierrez","222.74567","free","Columbia, SC","167","Divers","75"
"Fourmost","Joseph","M","8","Gutierrez","113.6322","free","Columbia, SC","167","Hello Little Girl","75"
"Catupecu Machu","Joseph","M","9","Gutierrez","212.32281","free","Columbia, SC","167","Hormigas","75"
"Creed","Joseph","M","10","Gutierrez","329.87383","free","Columbia, SC","167","Weathered","75"
"Ennio Morricone","Joseph","M","11","Gutierrez","215.01342","free","Columbia, SC","167","Chi Mai (El Profesional)","75"
"Down To The Bone","Sylvie","F","0","Cruz","333.76608","free","Washington-Arlington-Alexandria, DC-VA-MD-WV","182","Keep On Keepin' On","10"
"Three Drives","Sylvie","F","1","Cruz","411.6371","free","Washington-Arlington-Alexandria, DC-VA-MD-WV","182","Greece 2000","10"
"Sebastien Tellier","Sylvie","F","2","Cruz","377.73016","free","Washington-Arlington-Alexandria, DC-VA-MD-WV","182","Kilometer","10"
"Lonnie Gordon","Sylvie","F","3","Cruz","181.21098","free","Washington-Arlington-Alexandria, DC-VA-MD-WV","182","Catch You Baby (Steve Pitron & Max Sanna Radio Edit)","10"
"Charttraxx Karaoke","Ava","F","0","Robinson","225.17506","free","New Haven-Milford, CT","207","Fireflies","50"
"Ska-P","Ava","F","1","Robinson","220.21179","free","New Haven-Milford, CT","207","NiÃÂ±o Soldado","50"
"Dwight Yoakam","Ava","F","2","Robinson","239.3073","free","New Haven-Milford, CT","207","You're The One","50"
"Radiohead","Ayleen","F","0","Wise","130.82077","free","Columbia, SC","70","Pop Is Dead","71"
"Scouting for Girls","Ayleen","F","1","Wise","201.1424","free","Columbia, SC","70","The Mountains Of Navaho","71"
"Alliance Ethnik","Ayleen","F","2","Wise","195.94404","free","Columbia, SC","70","SinceritÃÂ© Et Jalousie","71"
"OutKast","Ayleen","F","3","Wise","227.52608","free","Columbia, SC","70","Ova Da Wudz","71"
"Bloodhound Gang","Kaleb","M","0","Cook","260.20526","free","Yuba City, CA","53","Uhn Tiss Uhn Tiss Uhn Tiss","54"
"Rammstein","Isaac","M","0","Valdez","228.46649","free","Saginaw, MI","112","Adios","3"
"Gershon Kingsley","Isaac","M","1","Valdez","146.57261","free","Saginaw, MI","112","Pop Corn","3"
"The Rakes","Isaac","M","2","Valdez","150.59546","free","Saginaw, MI","112","Strasbourg","3"
"Des'ree","Kaylee","F","1","Summers","246.30812","free","Phoenix-Mesa-Scottsdale, AZ","139","You Gotta Be","8"
"Mr Oizo","Kaylee","F","3","Summers","144.03873","free","Phoenix-Mesa-Scottsdale, AZ","139","Flat 55","8"
"Tamba Trio","Kaylee","F","4","Summers","177.18812","free","Phoenix-Mesa-Scottsdale, AZ","139","Quem Quiser Encontrar O Amor","8"
"The Mars Volta","Kaylee","F","5","Summers","380.42077","free","Phoenix-Mesa-Scottsdale, AZ","139","Eriatarka","8"
"Infected Mushroom","Kaylee","F","6","Summers","440.2673","free","Phoenix-Mesa-Scottsdale, AZ","139","Becoming Insane","8"
"Blue October / Imogen Heap","Kaylee","F","7","Summers","241.3971","free","Phoenix-Mesa-Scottsdale, AZ","139","Congratulations","8"
"Girl Talk","Kaylee","F","8","Summers","160.15628","free","Phoenix-Mesa-Scottsdale, AZ","139","Once again","8"
"Black Eyed Peas","Sylvie","F","0","Cruz","214.93506","free","Washington-Arlington-Alexandria, DC-VA-MD-WV","9","Pump It","10"
"Fall Out Boy","Ryan","M","1","Smith","200.72444","free","San Jose-Sunnyvale-Santa Clara, CA","169","Nobody Puts Baby In The Corner","26"
"M.I.A.","Ryan","M","2","Smith","233.7171","free","San Jose-Sunnyvale-Santa Clara, CA","169","Mango Pickle Down River (With The Wilcannia Mob)","26"
"Survivor","Jayden","M","0","Fox","245.36771","free","New Orleans-Metairie, LA","100","Eye Of The Tiger","101"
